Index,Polymer,Contact_angle,Thickness_um,Solvent,Solvent_solubility_parameter_Mpa_sqrt,xw_wt_percent,Temp_C,Permeate_pressure_mbar,J_Total_flux_kg_m_2h_1,a_Separation_factor_wo,Sum_of_frags
1,chitosan,55.1,40,ipa,23.5,5,30,13.3,0.0378,606.617647,"[2, 2, 11, 0, 5, 0, 2, 0, 0, 0, 4, 0, 0, 0, 0]"
2,chitosan,55.1,40,ipa,23.5,10,30,13.3,0.0523,257.352941,"[2, 2, 11, 0, 5, 0, 2, 0, 0, 0, 4, 0, 0, 0, 0]"
3,chitosan,55.1,40,ipa,23.5,15,30,13.3,0.0894,122.54902,"[2, 2, 11, 0, 5, 0, 2, 0, 0, 0, 4, 0, 0, 0, 0]"
4,chitosan,55.1,40,ipa,23.5,20,30,13.3,0.17,73.529412,"[2, 2, 11, 0, 5, 0, 2, 0, 0, 0, 4, 0, 0, 0, 0]"
5,chitosan,55.1,40,ipa,23.5,25,30,13.3,0.1984,49.019608,"[2, 2, 11, 0, 5, 0, 2, 0, 0, 0, 4, 0, 0, 0, 0]"
6,pdms,104,12,n-butanol,23.1,99,40,3,0.4364,0.028205,"[3, 3, 0, 0, 1, 0, 0, 0, 0, 0, 1, 0, 0, 1, 0]"
7,pdms,104,12,n-butanol,23.1,95,40,3,0.9849,0.028701,"[3, 3, 0, 0, 1, 0, 0, 0, 0, 0, 1, 0, 0, 1, 0]"
8,pdms,104,12,n-butanol,23.1,99,80,3,1.1455,0.028871,"[3, 3, 0, 0, 1, 0, 0, 0, 0, 0, 1, 0, 0, 1, 0]"
9,peba,89,100,ipa,23.5,60,30,6.7,1.2722,0.472727187,"[3, 14, 1, 3, 1, 0, 0, 1, 0, 0, 3, 0, 0, 0, 0]"
10,peba,89,100,ipa,23.5,70,30,6.7,0.769,0.371428529,"[3, 14, 1, 3, 1, 0, 0, 1, 0, 0, 3, 0, 0, 0, 0]"
11,peba,89,100,ipa,23.5,80,30,6.7,0.5411,0.305882331,"[3, 14, 1, 3, 1, 0, 0, 1, 0, 0, 3, 0, 0, 0, 0]"
12,peba,89,100,ipa,23.5,90,30,6.7,0.2848,0.283636366,"[3, 14, 1, 3, 1, 0, 0, 1, 0, 0, 3, 0, 0, 0, 0]"
13,peba,89,100,ipa,23.5,90,40,6.7,0.6345,0.220987638,"[3, 14, 1, 3, 1, 0, 0, 1, 0, 0, 3, 0, 0, 0, 0]"
14,peba,89,100,ipa,23.5,90,50,6.7,1.1139,0.218292663,"[3, 14, 1, 3, 1, 0, 0, 1, 0, 0, 3, 0, 0, 0, 0]"
15,peba,89,100,ipa,23.5,90,60,6.7,1.7387,0.192473108,"[3, 14, 1, 3, 1, 0, 0, 1, 0, 0, 3, 0, 0, 0, 0]"
16,pbo,82,24.24,n-butanol,23.1,15,25,1,0.0201,1569.666667,"[1, 3, 0, 0, 1, 3, 0, 0, 2, 4, 0, 0, 0, 0, 2]"
17,pbo,82,24.24,ipa,23.5,15,25,1,0.0245,1569.666667,"[2, 0, 1, 0, 1, 3, 0, 0, 2, 4, 0, 0, 0, 0, 2]"
18,pbo,82,24.24,ethanol,26.5,5,25,1,0.0324,77.917431,"[1, 1, 0, 0, 1, 3, 0, 0, 2, 4, 0, 0, 0, 0, 2]"
19,pbo,82,24.24,n-butanol,23.1,15,25,1,0.0331,1044.555556,"[1, 3, 0, 0, 1, 3, 0, 0, 2, 4, 0, 0, 0, 0, 2]"
20,pbo,82,24.24,n-butanol,23.1,15,25,1,0.0345,1569.666667,"[1, 3, 0, 0, 1, 3, 0, 0, 2, 4, 0, 0, 0, 0, 2]"
21,pbo,82,24.24,ipa,23.5,15,25,1,0.0374,1044.555556,"[2, 0, 1, 0, 1, 3, 0, 0, 2, 4, 0, 0, 0, 0, 2]"
22,pbo,82,24.24,ethanol,26.5,10,25,1,0.046,56.842105,"[1, 1, 0, 0, 1, 3, 0, 0, 2, 4, 0, 0, 0, 0, 2]"
23,pbo,82,24.24,ipa,23.5,15,25,1,0.0576,1569.666667,"[2, 0, 1, 0, 1, 3, 0, 0, 2, 4, 0, 0, 0, 0, 2]"
24,pbo,82,24.24,n-butanol,23.1,10,80,1,0.0577,459,"[1, 3, 0, 0, 1, 3, 0, 0, 2, 4, 0, 0, 0, 0, 2]"
25,pbo,82,24.24,n-butanol,23.1,10,60,1,0.0596,891,"[1, 3, 0, 0, 1, 3, 0, 0, 2, 4, 0, 0, 0, 0, 2]"
26,pbo,82,24.24,ethanol,26.5,15,25,1,0.0836,80.59259259,"[1, 1, 0, 0, 1, 3, 0, 0, 2, 4, 0, 0, 0, 0, 2]"
27,pbo,82,24.24,ipa,23.5,10,60,1,0.0846,927,"[2, 0, 1, 0, 1, 3, 0, 0, 2, 4, 0, 0, 0, 0, 2]"
28,pbo,82,24.24,ipa,23.5,10,80,1,0.1346,199,"[2, 0, 1, 0, 1, 3, 0, 0, 2, 4, 0, 0, 0, 0, 2]"
29,pbo,84,24.11,ethanol,26.5,15,25,1,0.0801,68.26984127,"[1, 1, 0, 0, 1, 3, 0, 0, 2, 4, 0, 0, 0, 0, 2]"
30,pbo,90,23.35,ethanol,26.5,15,25,1,0.0622,80.59259259,"[1, 1, 0, 0, 1, 3, 0, 0, 2, 4, 0, 0, 0, 0, 2]"
31,pbo,91,18.23,ethanol,26.5,15,25,1,0.0486,216.1428571,"[1, 1, 0, 0, 1, 3, 0, 0, 2, 4, 0, 0, 0, 0, 2]"
32,p84,82.3,39,ipa,23.5,15,60,5,0.0136,1347.701149,"[3, 1, 1, 5, 1, 0, 0, 0, 2, 5, 0, 0, 0, 0, 0]"
33,p84,82.3,39,ipa,23.5,15,80,5,0.0256,945.402299,"[3, 1, 1, 5, 1, 0, 0, 0, 2, 5, 0, 0, 0, 0, 0]"
34,p84,82.3,39,ipa,23.5,15,100,5,0.0545,1025.862069,"[3, 1, 1, 5, 1, 0, 0, 0, 2, 5, 0, 0, 0, 0, 0]"
35,p84,82.3,28,ipa,23.5,15,60,5,0.0273,1106.321839,"[3, 1, 1, 5, 1, 0, 0, 0, 2, 5, 0, 0, 0, 0, 0]"
36,p84,82.3,28,ipa,23.5,15,80,5,0.0392,1025.862069,"[3, 1, 1, 5, 1, 0, 0, 0, 2, 5, 0, 0, 0, 0, 0]"
37,p84,82.3,28,ipa,23.5,15,100,5,0.0699,864.942529,"[3, 1, 1, 5, 1, 0, 0, 0, 2, 5, 0, 0, 0, 0, 0]"
38,p84,82.3,10,ipa,23.5,15,60,5,0.0631,2916.666667,"[3, 1, 1, 5, 1, 0, 0, 0, 2, 5, 0, 0, 0, 0, 0]"
39,p84,82.3,10,ipa,23.5,15,80,5,0.1159,1790.229885,"[3, 1, 1, 5, 1, 0, 0, 0, 2, 5, 0, 0, 0, 0, 0]"
40,p84,82.3,10,ipa,23.5,15,100,5,0.2182,1488.505747,"[3, 1, 1, 5, 1, 0, 0, 0, 2, 5, 0, 0, 0, 0, 0]"
41,p84,82.3,20.5,ipa,23.5,15,60,1,0.0496,5265.366081,"[3, 1, 1, 5, 1, 0, 0, 0, 2, 5, 0, 0, 0, 0, 0]"
42,p84,82.3,20.5,ipa,23.5,15,70,1,0.0695,5265.366081,"[3, 1, 1, 5, 1, 0, 0, 0, 2, 5, 0, 0, 0, 0, 0]"
43,p84,82.3,20.5,ipa,23.5,15,80,1,0.1072,5265.366081,"[3, 1, 1, 5, 1, 0, 0, 0, 2, 5, 0, 0, 0, 0, 0]"
44,p84,82.3,20.5,ipa,23.5,15,90,1,0.1728,5265.366081,"[3, 1, 1, 5, 1, 0, 0, 0, 2, 5, 0, 0, 0, 0, 0]"
45,pva,74,22,ipa,23.5,10,25,1.3,0.0293,4.930693,"[2, 1, 2, 0, 2, 0, 0, 0, 0, 0, 0, 0, 0, 0, 0]"
46,pva,74,22,ipa,23.5,5,25,1.3,0.0299,5.108911,"[2, 1, 2, 0, 2, 0, 0, 0, 0, 0, 0, 0, 0, 0, 0]"
47,pva,74,22,ipa,23.5,15,25,1.3,0.0304,5.643564,"[2, 1, 2, 0, 2, 0, 0, 0, 0, 0, 0, 0, 0, 0, 0]"
48,pva,74,22,ipa,23.5,20,25,1.3,0.0561,8.19802,"[2, 1, 2, 0, 2, 0, 0, 0, 0, 0, 0, 0, 0, 0, 0]"
49,pva,74,22,ipa,23.5,25,25,1.3,0.0967,11.049505,"[2, 1, 2, 0, 2, 0, 0, 0, 0, 0, 0, 0, 0, 0, 0]"
50,pva,74,22,ipa,23.5,25,75,1.3,0.495,12.33663366,"[2, 1, 2, 0, 2, 0, 0, 0, 0, 0, 0, 0, 0, 0, 0]"
51,pva,74,22,ipa,23.5,20,75,1.3,0.9406,2.98019802,"[2, 1, 2, 0, 2, 0, 0, 0, 0, 0, 0, 0, 0, 0, 0]"
52,pva,74,22,ipa,23.5,15,75,1.3,2.1782,2.00990099,"[2, 1, 2, 0, 2, 0, 0, 0, 0, 0, 0, 0, 0, 0, 0]"
53,pva,74,22,ipa,23.5,10,75,1.3,3.4653,1.663366337,"[2, 1, 2, 0, 2, 0, 0, 0, 0, 0, 0, 0, 0, 0, 0]"
54,pva,74,22,ipa,23.5,5,75,1.3,7.8713,3.673267327,"[2, 1, 2, 0, 2, 0, 0, 0, 0, 0, 0, 0, 0, 0, 0]"
55,pva,74,10,ipa,23.5,10,30,0.06,0.123,77,"[2, 1, 2, 0, 2, 0, 0, 0, 0, 0, 0, 0, 0, 0, 0]"
56,pva,74,10,ipa,23.5,12.5,30,0.06,0.138,59,"[2, 1, 2, 0, 2, 0, 0, 0, 0, 0, 0, 0, 0, 0, 0]"
57,pva,74,10,ipa,23.5,15,30,0.06,0.145,46,"[2, 1, 2, 0, 2, 0, 0, 0, 0, 0, 0, 0, 0, 0, 0]"
58,pva,74,10,ipa,23.5,20,30,0.06,0.163,30,"[2, 1, 2, 0, 2, 0, 0, 0, 0, 0, 0, 0, 0, 0, 0]"
59,pva,74,22,ipa,23.5,10,40,3,0.0311,142.9,"[2, 1, 2, 0, 2, 0, 0, 0, 0, 0, 0, 0, 0, 0, 0]"
60,pva,74,22,ethanol,26.5,8,50,3,0.0328,115.15,"[1, 2, 1, 0, 2, 0, 0, 0, 0, 0, 0, 0, 0, 0, 0]"
61,pva,74,22,ethanol,26.5,10,40,3,0.0355,77.91,"[1, 2, 1, 0, 2, 0, 0, 0, 0, 0, 0, 0, 0, 0, 0]"
62,pva,74,22,ipa,23.5,8,50,3,0.0357,148.27,"[2, 1, 2, 0, 2, 0, 0, 0, 0, 0, 0, 0, 0, 0, 0]"
63,pva,74,22,ethanol,26.5,15,40,3,0.0376,103.76,"[1, 2, 1, 0, 2, 0, 0, 0, 0, 0, 0, 0, 0, 0, 0]"
64,pva,74,22,ipa,23.5,10,40,3,0.0419,137.44,"[2, 1, 2, 0, 2, 0, 0, 0, 0, 0, 0, 0, 0, 0, 0]"
65,pva,74,22,ethanol,26.5,10,40,3,0.044,57.29,"[1, 2, 1, 0, 2, 0, 0, 0, 0, 0, 0, 0, 0, 0, 0]"
66,pva,74,22,ipa,23.5,12.5,50,3,0.0484,95.29,"[2, 1, 2, 0, 2, 0, 0, 0, 0, 0, 0, 0, 0, 0, 0]"
67,pva,74,22,ipa,23.5,12.5,50,3,0.0487,98.1,"[2, 1, 2, 0, 2, 0, 0, 0, 0, 0, 0, 0, 0, 0, 0]"
68,pva,74,22,ethanol,26.5,12.5,33,3,0.0489,78.27,"[1, 2, 1, 0, 2, 0, 0, 0, 0, 0, 0, 0, 0, 0, 0]"
69,pva,74,22,ethanol,26.5,12.5,50,3,0.052,80.66,"[1, 2, 1, 0, 2, 0, 0, 0, 0, 0, 0, 0, 0, 0, 0]"
70,pva,74,22,ethanol,26.5,10,60,3,0.0522,90.23,"[1, 2, 1, 0, 2, 0, 0, 0, 0, 0, 0, 0, 0, 0, 0]"
71,pva,74,22,ipa,23.5,12.5,50,3,0.0528,105.46,"[2, 1, 2, 0, 2, 0, 0, 0, 0, 0, 0, 0, 0, 0, 0]"
72,pva,74,22,ipa,23.5,12.5,50,3,0.0535,92.23,"[2, 1, 2, 0, 2, 0, 0, 0, 0, 0, 0, 0, 0, 0, 0]"
73,pva,74,22,ipa,23.5,12.5,33,3,0.0538,120.46,"[2, 1, 2, 0, 2, 0, 0, 0, 0, 0, 0, 0, 0, 0, 0]"
74,pva,74,22,ipa,23.5,12.5,50,3,0.0546,100.58,"[2, 1, 2, 0, 2, 0, 0, 0, 0, 0, 0, 0, 0, 0, 0]"
75,pva,74,22,ipa,23.5,12.5,50,3,0.0548,98.09,"[2, 1, 2, 0, 2, 0, 0, 0, 0, 0, 0, 0, 0, 0, 0]"
76,pva,74,22,ipa,23.5,12.5,50,3,0.055,96.37,"[2, 1, 2, 0, 2, 0, 0, 0, 0, 0, 0, 0, 0, 0, 0]"
77,pva,74,22,ethanol,26.5,12.5,50,3,0.0559,82.22,"[1, 2, 1, 0, 2, 0, 0, 0, 0, 0, 0, 0, 0, 0, 0]"
78,pva,74,22,ethanol,26.5,12.5,50,3,0.0571,87.19,"[1, 2, 1, 0, 2, 0, 0, 0, 0, 0, 0, 0, 0, 0, 0]"
79,pva,74,22,ethanol,26.5,12.5,50,3,0.0571,75.07,"[1, 2, 1, 0, 2, 0, 0, 0, 0, 0, 0, 0, 0, 0, 0]"
80,pva,74,22,ethanol,26.5,12.5,50,3,0.058,90.14,"[1, 2, 1, 0, 2, 0, 0, 0, 0, 0, 0, 0, 0, 0, 0]"
81,pva,74,22,ipa,23.5,12.5,50,3,0.0587,95.27,"[2, 1, 2, 0, 2, 0, 0, 0, 0, 0, 0, 0, 0, 0, 0]"
82,pva,74,22,ipa,23.5,15,40,3,0.0602,111.77,"[2, 1, 2, 0, 2, 0, 0, 0, 0, 0, 0, 0, 0, 0, 0]"
83,pva,74,22,ethanol,26.5,15,40,3,0.0619,98.82,"[1, 2, 1, 0, 2, 0, 0, 0, 0, 0, 0, 0, 0, 0, 0]"
84,pva,74,22,ethanol,26.5,12.5,50,3,0.0621,84.37,"[1, 2, 1, 0, 2, 0, 0, 0, 0, 0, 0, 0, 0, 0, 0]"
85,pva,74,22,ethanol,26.5,12.5,50,3,0.0658,79.37,"[1, 2, 1, 0, 2, 0, 0, 0, 0, 0, 0, 0, 0, 0, 0]"
86,pva,74,22,ethanol,26.5,10,60,3,0.0678,105.93,"[1, 2, 1, 0, 2, 0, 0, 0, 0, 0, 0, 0, 0, 0, 0]"
87,pva,74,22,ipa,23.5,10,60,3,0.0683,92.11,"[2, 1, 2, 0, 2, 0, 0, 0, 0, 0, 0, 0, 0, 0, 0]"
88,pva,74,22,ethanol,26.5,12.5,50,3,0.0688,71.06,"[1, 2, 1, 0, 2, 0, 0, 0, 0, 0, 0, 0, 0, 0, 0]"
89,pva,74,22,ipa,23.5,15,40,3,0.0711,105.89,"[2, 1, 2, 0, 2, 0, 0, 0, 0, 0, 0, 0, 0, 0, 0]"
90,pva,74,22,ipa,23.5,17,50,3,0.0764,103.3,"[2, 1, 2, 0, 2, 0, 0, 0, 0, 0, 0, 0, 0, 0, 0]"
91,pva,74,22,ethanol,26.5,17,50,3,0.0846,88.26,"[1, 2, 1, 0, 2, 0, 0, 0, 0, 0, 0, 0, 0, 0, 0]"
92,pva,74,22,ipa,23.5,15,60,3,0.0853,69.11,"[2, 1, 2, 0, 2, 0, 0, 0, 0, 0, 0, 0, 0, 0, 0]"
93,pva,74,22,ipa,23.5,15,60,3,0.0916,88.81,"[2, 1, 2, 0, 2, 0, 0, 0, 0, 0, 0, 0, 0, 0, 0]"
94,pva,74,22,ipa,23.5,10,60,3,0.0977,87.81,"[2, 1, 2, 0, 2, 0, 0, 0, 0, 0, 0, 0, 0, 0, 0]"
95,pva,74,22,ethanol,26.5,12.5,67,3,0.1012,48.59,"[1, 2, 1, 0, 2, 0, 0, 0, 0, 0, 0, 0, 0, 0, 0]"
96,pva,74,22,ethanol,26.5,15,60,3,0.1084,41.1,"[1, 2, 1, 0, 2, 0, 0, 0, 0, 0, 0, 0, 0, 0, 0]"
97,pva,74,22,ethanol,26.5,15,60,3,0.11,52.64,"[1, 2, 1, 0, 2, 0, 0, 0, 0, 0, 0, 0, 0, 0, 0]"
98,pva,74,22,ipa,23.5,12.5,67,3,0.1139,60.83,"[2, 1, 2, 0, 2, 0, 0, 0, 0, 0, 0, 0, 0, 0, 0]"
99,pva,74,25,ipa,23.5,10,30,2,0.1505,125,"[2, 1, 2, 0, 2, 0, 0, 0, 0, 0, 0, 0, 0, 0, 0]"
100,pva,74,50,ipa,23.5,10,30,6.7,0.1324,163.418803,"[2, 1, 2, 0, 2, 0, 0, 0, 0, 0, 0, 0, 0, 0, 0]"
101,pva,74,50,ipa,23.5,10,40,0.06,0.1556,55,"[2, 1, 2, 0, 2, 0, 0, 0, 0, 0, 0, 0, 0, 0, 0]"
102,pva,74,50,ipa,23.5,10,50,0.06,0.1886,36,"[2, 1, 2, 0, 2, 0, 0, 0, 0, 0, 0, 0, 0, 0, 0]"
103,pva,74,50,ipa,23.5,10,60,0.06,0.2,23,"[2, 1, 2, 0, 2, 0, 0, 0, 0, 0, 0, 0, 0, 0, 0]"
104,chitosan,55.1,45,ipa,23.5,5,60,3,0.127,3124.966463,"[2, 2, 11, 0, 5, 0, 2, 0, 0, 0, 4, 0, 0, 0, 0]"
105,chitosan,55.1,45,ethanol,26.5,5,60,3,0.1438,444.991431,"[1, 3, 10, 0, 5, 0, 2, 0, 0, 0, 4, 0, 0, 0, 0]"
106,alginate,37.37,45,ethanol,26.5,5,60,3,0.2195,5587.953034,"[1, 1, 10, 2, 7, 0, 0, 0, 0, 0, 4, 0, 0, 0, 0]"
107,alginate,37.37,45,ipa,23.5,5,60,3,0.2328,3603.305055,"[2, 0, 11, 2, 7, 0, 0, 0, 0, 0, 4, 0, 0, 0, 0]"
108,chitosan,55.1,45,ethanol,26.5,10,60,3,0.2876,178.956407,"[1, 3, 10, 0, 5, 0, 2, 0, 0, 0, 4, 0, 0, 0, 0]"
109,chitosan,55.1,45,ipa,23.5,10,60,3,0.2963,1533.087739,"[2, 2, 11, 0, 5, 0, 2, 0, 0, 0, 4, 0, 0, 0, 0]"
110,alginate,37.37,45,ethanol,26.5,10,60,3,0.3103,2363.885157,"[1, 1, 10, 2, 7, 0, 0, 0, 0, 0, 4, 0, 0, 0, 0]"
111,alginate,37.37,45,ethanol,26.5,20,60,3,0.5297,1499.077811,"[1, 1, 10, 2, 7, 0, 0, 0, 0, 0, 4, 0, 0, 0, 0]"
112,chitosan,55.1,45,ethanol,26.5,20,60,3,0.6962,75.704358,"[1, 3, 10, 0, 5, 0, 2, 0, 0, 0, 4, 0, 0, 0, 0]"
113,chitosan,55.1,45,ipa,23.5,20,60,3,0.8889,386.926848,"[2, 2, 11, 0, 5, 0, 2, 0, 0, 0, 4, 0, 0, 0, 0]"
114,alginate,37.37,45,ethanol,26.5,30,60,3,1.0065,1287.923625,"[1, 1, 10, 2, 7, 0, 0, 0, 0, 0, 4, 0, 0, 0, 0]"
115,chitosan,55.1,45,ethanol,26.5,30,60,3,1.2486,41.246264,"[1, 3, 10, 0, 5, 0, 2, 0, 0, 0, 4, 0, 0, 0, 0]"
116,chitosan,55.1,45,ipa,23.5,30,60,3,1.7778,118.076902,"[2, 2, 11, 0, 5, 0, 2, 0, 0, 0, 4, 0, 0, 0, 0]"
117,alginate,37.37,45,ipa,23.5,20,60,3,2.0317,1394.215469,"[2, 0, 11, 2, 7, 0, 0, 0, 0, 0, 4, 0, 0, 0, 0]"
118,alginate,37.37,45,ipa,23.5,30,60,3,3.619,1000,"[2, 0, 11, 2, 7, 0, 0, 0, 0, 0, 4, 0, 0, 0, 0]"
119,alginate,37.37,40,ipa,23.5,5,30,1.33,0.0506,385.26,"[2, 0, 11, 2, 7, 0, 0, 0, 0, 0, 4, 0, 0, 0, 0]"
120,alginate,37.37,40,ipa,23.5,10,30,1.33,0.0677,171,"[2, 0, 11, 2, 7, 0, 0, 0, 0, 0, 4, 0, 0, 0, 0]"
121,alginate,37.37,40,ipa,23.5,10,40,1.33,0.0753,123.35,"[2, 0, 11, 2, 7, 0, 0, 0, 0, 0, 4, 0, 0, 0, 0]"
122,alginate,37.37,40,ipa,23.5,15,30,1.33,0.0998,103.31,"[2, 0, 11, 2, 7, 0, 0, 0, 0, 0, 4, 0, 0, 0, 0]"
123,alginate,37.37,40,ipa,23.5,20,30,1.33,0.0999,62.67,"[2, 0, 11, 2, 7, 0, 0, 0, 0, 0, 4, 0, 0, 0, 0]"
124,alginate,37.37,40,ipa,23.5,25,30,1.33,0.1,27,"[2, 0, 11, 2, 7, 0, 0, 0, 0, 0, 4, 0, 0, 0, 0]"
125,alginate,37.37,40,ipa,23.5,10,50,1.33,0.157,87.77,"[2, 0, 11, 2, 7, 0, 0, 0, 0, 0, 4, 0, 0, 0, 0]"
126,alginate,37.37,30,acetic_acid,21.4,10,30,13.3,0.022,15.7,"[1, 0, 10, 3, 7, 0, 0, 0, 0, 0, 4, 0, 0, 0, 0]"
127,alginate,37.37,30,acetic_acid,21.4,20,30,13.3,0.069,21.8,"[1, 0, 10, 3, 7, 0, 0, 0, 0, 0, 4, 0, 0, 0, 0]"
128,alginate,37.37,30,acetic_acid,21.4,30,30,13.3,0.258,6.31,"[1, 0, 10, 3, 7, 0, 0, 0, 0, 0, 4, 0, 0, 0, 0]"
129,alginate,37.37,30,acetic_acid,21.4,50,30,13.3,0.477,2.7,"[1, 0, 10, 3, 7, 0, 0, 0, 0, 0, 4, 0, 0, 0, 0]"
130,alginate,37.37,30,acetic_acid,21.4,40,30,13.3,0.485,3.96,"[1, 0, 10, 3, 7, 0, 0, 0, 0, 0, 4, 0, 0, 0, 0]"
131,alginate,37.37,10,ethanol,26.5,5,30,13.3,0.028,22.331303,"[1, 1, 10, 2, 7, 0, 0, 0, 0, 0, 4, 0, 0, 0, 0]"
132,alginate,37.37,10,ethanol,26.5,4,40,13.3,0.036,27.914341,"[1, 1, 10, 2, 7, 0, 0, 0, 0, 0, 4, 0, 0, 0, 0]"
133,alginate,37.37,10,ethanol,26.5,10,30,13.3,0.036,10.556714,"[1, 1, 10, 2, 7, 0, 0, 0, 0, 0, 4, 0, 0, 0, 0]"
134,alginate,37.37,10,ethanol,26.5,15,30,13.3,0.053,6.58029,"[1, 1, 10, 2, 7, 0, 0, 0, 0, 0, 4, 0, 0, 0, 0]"
135,alginate,37.37,10,ethanol,26.5,4,50,13.3,0.098,25.792531,"[1, 1, 10, 2, 7, 0, 0, 0, 0, 0, 4, 0, 0, 0, 0]"
136,alginate,37.37,10,ethanol,26.5,4,60,13.3,0.121,23.932894,"[1, 1, 10, 2, 7, 0, 0, 0, 0, 0, 4, 0, 0, 0, 0]"
137,alginate,37.37,10,ipa,23.5,10,30,13.3,0.133,2423.432432,"[2, 0, 11, 2, 7, 0, 0, 0, 0, 0, 4, 0, 0, 0, 0]"
138,alginate,37.37,10,ipa,23.5,15,30,13.3,0.167,357.581197,"[2, 0, 11, 2, 7, 0, 0, 0, 0, 0, 4, 0, 0, 0, 0]"
139,alginate,37.37,10,ethanol,26.5,4,70,13.3,0.173,21.67079,"[1, 1, 10, 2, 7, 0, 0, 0, 0, 0, 4, 0, 0, 0, 0]"
140,alginate,37.37,10,ipa,23.5,12.6,40,13.3,0.183,534.978175,"[2, 0, 11, 2, 7, 0, 0, 0, 0, 0, 4, 0, 0, 0, 0]"
141,alginate,37.37,10,ipa,23.5,12.6,50,13.3,0.204,285.743152,"[2, 0, 11, 2, 7, 0, 0, 0, 0, 0, 4, 0, 0, 0, 0]"
142,alginate,37.37,10,ipa,23.5,20,30,13.3,0.232,223.272727,"[2, 0, 11, 2, 7, 0, 0, 0, 0, 0, 4, 0, 0, 0, 0]"
143,alginate,37.37,10,ipa,23.5,12.6,60,13.3,0.287,196.480147,"[2, 0, 11, 2, 7, 0, 0, 0, 0, 0, 4, 0, 0, 0, 0]"
144,alginate,37.37,10,ipa,23.5,12.6,70,13.3,0.332,159.806471,"[2, 0, 11, 2, 7, 0, 0, 0, 0, 0, 4, 0, 0, 0, 0]"
145,alginate,37.37,50,ipa,23.5,10,30,13.3,0.062,653,"[2, 0, 11, 2, 7, 0, 0, 0, 0, 0, 4, 0, 0, 0, 0]"
146,alginate,37.37,50,ipa,23.5,12.6,30,13.3,0.068,340,"[2, 0, 11, 2, 7, 0, 0, 0, 0, 0, 4, 0, 0, 0, 0]"
147,alginate,37.37,50,ipa,23.5,12.6,40,13.3,0.072,243,"[2, 0, 11, 2, 7, 0, 0, 0, 0, 0, 4, 0, 0, 0, 0]"
148,alginate,37.37,50,ipa,23.5,20,30,13.3,0.075,189,"[2, 0, 11, 2, 7, 0, 0, 0, 0, 0, 4, 0, 0, 0, 0]"
149,alginate,37.37,50,ipa,23.5,12.6,50,13.3,0.08,174,"[2, 0, 11, 2, 7, 0, 0, 0, 0, 0, 4, 0, 0, 0, 0]"
150,alginate,37.37,50,ipa,23.5,12.6,60,13.3,0.084,140,"[2, 0, 11, 2, 7, 0, 0, 0, 0, 0, 4, 0, 0, 0, 0]"
151,alginate,37.37,50,ipa,23.5,12.6,70,13.3,0.087,109,"[2, 0, 11, 2, 7, 0, 0, 0, 0, 0, 4, 0, 0, 0, 0]"
152,alginate,37.37,50,ipa,23.5,30,30,13.3,0.087,85,"[2, 0, 11, 2, 7, 0, 0, 0, 0, 0, 4, 0, 0, 0, 0]"
153,alginate,37.37,50,ipa,23.5,40,30,13.3,0.127,38,"[2, 0, 11, 2, 7, 0, 0, 0, 0, 0, 4, 0, 0, 0, 0]"
154,alginate,37.37,50,ipa,23.5,50,30,13.3,0.133,25,"[2, 0, 11, 2, 7, 0, 0, 0, 0, 0, 4, 0, 0, 0, 0]"
155,alginate,37.37,62.5,ethanol,26.5,10,30,13.3,0.027,35,"[1, 1, 10, 2, 7, 0, 0, 0, 0, 0, 4, 0, 0, 0, 0]"
156,alginate,37.37,62.5,ethanol,26.5,20,30,13.3,0.04,12,"[1, 1, 10, 2, 7, 0, 0, 0, 0, 0, 4, 0, 0, 0, 0]"
157,alginate,37.37,62.5,ethanol,26.5,30,30,13.3,0.042,6,"[1, 1, 10, 2, 7, 0, 0, 0, 0, 0, 4, 0, 0, 0, 0]"
158,alginate,37.37,62.5,ipa,23.5,10,30,13.3,0.067,653,"[2, 0, 11, 2, 7, 0, 0, 0, 0, 0, 4, 0, 0, 0, 0]"
159,alginate,37.37,62.5,ipa,23.5,20,30,13.3,0.122,223,"[2, 0, 11, 2, 7, 0, 0, 0, 0, 0, 4, 0, 0, 0, 0]"
160,alginate,37.37,62.5,ipa,23.5,30,30,13.3,0.143,127,"[2, 0, 11, 2, 7, 0, 0, 0, 0, 0, 4, 0, 0, 0, 0]"
161,alginate,37.37,50,ipa,23.5,10,30,13.3,0.0679,653,"[2, 0, 11, 2, 7, 0, 0, 0, 0, 0, 4, 0, 0, 0, 0]"
162,alginate,37.37,50,ipa,23.5,20,30,13.3,0.1242,223,"[2, 0, 11, 2, 7, 0, 0, 0, 0, 0, 4, 0, 0, 0, 0]"
163,alginate,37.37,50,ipa,23.5,30,30,13.3,0.1701,127,"[2, 0, 11, 2, 7, 0, 0, 0, 0, 0, 4, 0, 0, 0, 0]"
164,alginate,37.37,50,ipa,23.5,40,30,13.3,0.2411,38,"[2, 0, 11, 2, 7, 0, 0, 0, 0, 0, 4, 0, 0, 0, 0]"
165,alginate,37.37,50,ipa,23.5,50,30,13.3,0.3536,25,"[2, 0, 11, 2, 7, 0, 0, 0, 0, 0, 4, 0, 0, 0, 0]"
166,alginate,37.37,50,ipa,23.5,10,30,13.3,0.062,653,"[2, 0, 11, 2, 7, 0, 0, 0, 0, 0, 4, 0, 0, 0, 0]"
167,alginate,37.37,50,ipa,23.5,20,30,13.3,0.085,223,"[2, 0, 11, 2, 7, 0, 0, 0, 0, 0, 4, 0, 0, 0, 0]"
168,alginate,37.37,50,ipa,23.5,10,40,13.3,0.107,355,"[2, 0, 11, 2, 7, 0, 0, 0, 0, 0, 4, 0, 0, 0, 0]"
169,alginate,37.37,50,ipa,23.5,30,30,13.3,0.109,127,"[2, 0, 11, 2, 7, 0, 0, 0, 0, 0, 4, 0, 0, 0, 0]"
170,alginate,37.37,50,ipa,23.5,10,50,13.3,0.121,285,"[2, 0, 11, 2, 7, 0, 0, 0, 0, 0, 4, 0, 0, 0, 0]"
171,alginate,37.37,50,ipa,23.5,30,40,13.3,0.122,56,"[2, 0, 11, 2, 7, 0, 0, 0, 0, 0, 4, 0, 0, 0, 0]"
172,alginate,37.37,50,ipa,23.5,20,40,13.3,0.131,118,"[2, 0, 11, 2, 7, 0, 0, 0, 0, 0, 4, 0, 0, 0, 0]"
173,alginate,37.37,50,ipa,23.5,40,30,13.3,0.145,38,"[2, 0, 11, 2, 7, 0, 0, 0, 0, 0, 4, 0, 0, 0, 0]"
174,alginate,37.37,50,ipa,23.5,20,50,13.3,0.157,93,"[2, 0, 11, 2, 7, 0, 0, 0, 0, 0, 4, 0, 0, 0, 0]"
175,alginate,37.37,50,ipa,23.5,50,30,13.3,0.177,25,"[2, 0, 11, 2, 7, 0, 0, 0, 0, 0, 4, 0, 0, 0, 0]"
176,alginate,37.37,50,ipa,23.5,30,50,13.3,0.182,34,"[2, 0, 11, 2, 7, 0, 0, 0, 0, 0, 4, 0, 0, 0, 0]"
177,alginate,37.37,50,ethanol,26.5,10,30,0.06,0.0391,24,"[1, 1, 10, 2, 7, 0, 0, 0, 0, 0, 4, 0, 0, 0, 0]"
178,alginate,37.37,50,ethanol,26.5,10,40,0.06,0.0531,17,"[1, 1, 10, 2, 7, 0, 0, 0, 0, 0, 4, 0, 0, 0, 0]"
179,alginate,37.37,50,ipa,23.5,10,30,0.06,0.0646,678,"[2, 0, 11, 2, 7, 0, 0, 0, 0, 0, 4, 0, 0, 0, 0]"
180,alginate,37.37,50,ethanol,26.5,10,50,0.06,0.0675,13,"[1, 1, 10, 2, 7, 0, 0, 0, 0, 0, 4, 0, 0, 0, 0]"
181,alginate,37.37,50,ethanol,26.5,10,60,0.06,0.0843,8,"[1, 1, 10, 2, 7, 0, 0, 0, 0, 0, 4, 0, 0, 0, 0]"
182,alginate,37.37,50,ipa,23.5,10,50,0.06,0.0849,278,"[2, 0, 11, 2, 7, 0, 0, 0, 0, 0, 4, 0, 0, 0, 0]"
183,alginate,37.37,50,ipa,23.5,10,40,0.06,0.0906,328,"[2, 0, 11, 2, 7, 0, 0, 0, 0, 0, 4, 0, 0, 0, 0]"
184,alginate,37.37,50,ipa,23.5,10,60,0.06,0.145,148,"[2, 0, 11, 2, 7, 0, 0, 0, 0, 0, 4, 0, 0, 0, 0]"
185,chitosan,55.1,40,ipa,23.5,5,30,13.3,0.032,422,"[2, 2, 11, 0, 5, 0, 2, 0, 0, 0, 4, 0, 0, 0, 0]"
186,chitosan,55.1,40,ipa,23.5,10,30,13.3,0.0478,171,"[2, 2, 11, 0, 5, 0, 2, 0, 0, 0, 4, 0, 0, 0, 0]"
187,chitosan,55.1,40,ipa,23.5,15,30,13.3,0.0649,66.115702,"[2, 2, 11, 0, 5, 0, 2, 0, 0, 0, 4, 0, 0, 0, 0]"
188,chitosan,55.1,40,ipa,23.5,20,30,13.3,0.0808,41.322314,"[2, 2, 11, 0, 5, 0, 2, 0, 0, 0, 4, 0, 0, 0, 0]"
189,chitosan,55.1,40,ipa,23.5,10,40,13.3,0.0863,104.8,"[2, 2, 11, 0, 5, 0, 2, 0, 0, 0, 4, 0, 0, 0, 0]"
190,chitosan,55.1,40,ipa,23.5,25,30,13.3,0.1043,24.793388,"[2, 2, 11, 0, 5, 0, 2, 0, 0, 0, 4, 0, 0, 0, 0]"
191,chitosan,55.1,40,ipa,23.5,30,30,13.3,0.1094,24.793388,"[2, 2, 11, 0, 5, 0, 2, 0, 0, 0, 4, 0, 0, 0, 0]"
192,chitosan,55.1,40,ipa,23.5,10,50,13.3,0.141,72.9,"[2, 2, 11, 0, 5, 0, 2, 0, 0, 0, 4, 0, 0, 0, 0]"
193,chitosan,55.1,40,ipa,23.5,5,30,13.3,0.0285,1469.849246,"[2, 2, 11, 0, 5, 0, 2, 0, 0, 0, 4, 0, 0, 0, 0]"
194,chitosan,55.1,40,ipa,23.5,10,30,13.3,0.0314,540.201005,"[2, 2, 11, 0, 5, 0, 2, 0, 0, 0, 4, 0, 0, 0, 0]"
195,chitosan,55.1,40,ipa,23.5,15,30,13.3,0.0537,175.879397,"[2, 2, 11, 0, 5, 0, 2, 0, 0, 0, 4, 0, 0, 0, 0]"
196,chitosan,55.1,40,ipa,23.5,20,30,13.3,0.0732,50.251256,"[2, 2, 11, 0, 5, 0, 2, 0, 0, 0, 4, 0, 0, 0, 0]"
197,chitosan,55.1,40,ipa,23.5,25,30,13.3,0.1031,50.251256,"[2, 2, 11, 0, 5, 0, 2, 0, 0, 0, 4, 0, 0, 0, 0]"
198,chitosan,55.1,40,ipa,23.5,5,30,13.3,0.0466,617.169374,"[2, 2, 11, 0, 5, 0, 2, 0, 0, 0, 4, 0, 0, 0, 0]"
199,chitosan,55.1,40,ipa,23.5,10,30,13.3,0.0731,265,"[2, 2, 11, 0, 5, 0, 2, 0, 0, 0, 4, 0, 0, 0, 0]"
200,chitosan,55.1,40,ipa,23.5,20,30,13.3,0.1079,97.447796,"[2, 2, 11, 0, 5, 0, 2, 0, 0, 0, 4, 0, 0, 0, 0]"
201,chitosan,55.1,40,ipa,23.5,10,40,13.3,0.1084,105,"[2, 2, 11, 0, 5, 0, 2, 0, 0, 0, 4, 0, 0, 0, 0]"
202,chitosan,55.1,40,ipa,23.5,10,50,13.3,0.1274,73,"[2, 2, 11, 0, 5, 0, 2, 0, 0, 0, 4, 0, 0, 0, 0]"
203,chitosan,55.1,40,ipa,23.5,10,60,13.3,0.1659,58,"[2, 2, 11, 0, 5, 0, 2, 0, 0, 0, 4, 0, 0, 0, 0]"
204,chitosan,55.1,40,ipa,23.5,30,30,13.3,0.1669,32.482599,"[2, 2, 11, 0, 5, 0, 2, 0, 0, 0, 4, 0, 0, 0, 0]"
205,chitosan,55.1,40,ipa,23.5,40,30,13.3,0.2152,32.482599,"[2, 2, 11, 0, 5, 0, 2, 0, 0, 0, 4, 0, 0, 0, 0]"
206,alginate,37.37,1.8,ethanol,26.5,10,45,1,0.2783,562.790698,"[1, 1, 10, 2, 7, 0, 0, 0, 0, 0, 4, 0, 0, 0, 0]"
207,alginate,37.37,1.8,ipa,23.5,10,45,1,0.3152,1974.883721,"[2, 0, 11, 2, 7, 0, 0, 0, 0, 0, 4, 0, 0, 0, 0]"
208,pva,74,1.8,ethanol,26.5,10,45,1,0.4028,235.348837,"[1, 2, 1, 0, 2, 0, 0, 0, 0, 0, 0, 0, 0, 0, 0]"
209,alginate,37.37,1.8,n-butanol,23.1,10,45,1,0.4765,859.534884,"[1, 3, 10, 2, 7, 0, 0, 0, 0, 0, 4, 0, 0, 0, 0]"
210,pva,74,1.8,ipa,23.5,10,45,1,0.4788,511.627907,"[2, 1, 2, 0, 2, 0, 0, 0, 0, 0, 0, 0, 0, 0, 0]"
211,pva,74,1.8,n-butanol,23.1,10,45,1,0.624,573.023256,"[1, 4, 1, 0, 2, 0, 0, 0, 0, 0, 0, 0, 0, 0, 0]"
212,ptmsp,100,20,n-butanol,23.1,99,25,2.7,0.0809,0.01393,"[5, 3, 0, 0, 1, 0, 0, 0, 0, 0, 0, 1, 0, 1, 0]"
213,ptmsp,100,20,n-butanol,23.1,98.5,25,2.7,0.0879,0.013592,"[5, 3, 0, 0, 1, 0, 0, 0, 0, 0, 0, 1, 0, 1, 0]"
214,ptmsp,100,20,n-butanol,23.1,98,25,2.7,0.102,0.012613,"[5, 3, 0, 0, 1, 0, 0, 0, 0, 0, 0, 1, 0, 1, 0]"
215,ptmsp,100,20,n-butanol,23.1,97.5,25,2.7,0.1329,0.012174,"[5, 3, 0, 0, 1, 0, 0, 0, 0, 0, 0, 1, 0, 1, 0]"
216,ptmsp,100,20,n-butanol,23.1,97,25,2.7,0.1596,0.012444,"[5, 3, 0, 0, 1, 0, 0, 0, 0, 0, 0, 1, 0, 1, 0]"
217,ptmsp,100,20,n-butanol,23.1,96.5,25,2.7,0.2003,0.012227,"[5, 3, 0, 0, 1, 0, 0, 0, 0, 0, 0, 1, 0, 1, 0]"
218,ptmsp,100,20,n-butanol,23.1,96,25,2.7,0.2466,0.012227,"[5, 3, 0, 0, 1, 0, 0, 0, 0, 0, 0, 1, 0, 1, 0]"
219,ptmsp,100,20,n-butanol,23.1,95.5,25,2.7,0.2972,0.012069,"[5, 3, 0, 0, 1, 0, 0, 0, 0, 0, 0, 1, 0, 1, 0]"
220,ptmsp,100,20,n-butanol,23.1,95,25,2.7,0.3646,0.011864,"[5, 3, 0, 0, 1, 0, 0, 0, 0, 0, 0, 1, 0, 1, 0]"
221,ptmsp,100,20,n-butanol,23.1,94.5,25,2.7,0.4348,0.011667,"[5, 3, 0, 0, 1, 0, 0, 0, 0, 0, 0, 1, 0, 1, 0]"
222,ptmsp,100,20,n-butanol,23.1,94,25,2.7,0.5191,0.011155,"[5, 3, 0, 0, 1, 0, 0, 0, 0, 0, 0, 1, 0, 1, 0]"
223,ptmsp,100,22,n-butanol,23.1,99,25,2.7,0.06,0.019231,"[5, 3, 0, 0, 1, 0, 0, 0, 0, 0, 0, 1, 0, 1, 0]"
224,ptmsp,100,22,n-butanol,23.1,98.5,25,2.7,0.06,0.018182,"[5, 3, 0, 0, 1, 0, 0, 0, 0, 0, 0, 1, 0, 1, 0]"
225,ptmsp,100,22,n-butanol,23.1,99.5,25,2.7,0.078,0.012821,"[5, 3, 0, 0, 1, 0, 0, 0, 0, 0, 0, 1, 0, 1, 0]"
226,ptmsp,100,22,n-butanol,23.1,99.7,25,2.7,0.124,0.019608,"[5, 3, 0, 0, 1, 0, 0, 0, 0, 0, 0, 1, 0, 1, 0]"
227,ptmsp,100,22,n-butanol,23.1,94,25,2.7,0.436,0.016393,"[5, 3, 0, 0, 1, 0, 0, 0, 0, 0, 0, 1, 0, 1, 0]"
228,ptmsp,100,22,n-butanol,23.1,99.7,70,2.7,0.762,0.021277,"[5, 3, 0, 0, 1, 0, 0, 0, 0, 0, 0, 1, 0, 1, 0]"
229,ptmsp,100,22,n-butanol,23.1,99.5,70,2.7,0.831,0.016129,"[5, 3, 0, 0, 1, 0, 0, 0, 0, 0, 0, 1, 0, 1, 0]"
230,ptmsp,100,22,n-butanol,23.1,99,70,2.7,0.999,0.014286,"[5, 3, 0, 0, 1, 0, 0, 0, 0, 0, 0, 1, 0, 1, 0]"
231,ptmsp,100,22,n-butanol,23.1,98.5,70,2.7,1.03,0.014286,"[5, 3, 0, 0, 1, 0, 0, 0, 0, 0, 0, 1, 0, 1, 0]"
232,ptmsp,100,22,n-butanol,23.1,94,70,2.7,1.512,0.02439,"[5, 3, 0, 0, 1, 0, 0, 0, 0, 0, 0, 1, 0, 1, 0]"
233,torlon,87.5,50,ipa,23.5,15,60,1,0.0082,2828,"[2, 0, 1, 6, 1, 0, 0, 2, 2, 5, 1, 0, 0, 0, 0]"
234,torlon,87.5,50,ethanol,26.5,15,60,1,0.0085,2155,"[1, 1, 0, 6, 1, 0, 0, 2, 2, 5, 1, 0, 0, 0, 0]"
235,torlon,87.5,50,n-butanol,23.1,15,60,1,0.0113,5661,"[1, 3, 0, 6, 1, 0, 0, 2, 2, 5, 1, 0, 0, 0, 0]"
236,p84,82.3,50,ipa,23.5,15,60,1,0.0152,5661,"[3, 1, 1, 5, 1, 0, 0, 0, 2, 5, 0, 0, 0, 0, 0]"
237,p84,82.3,50,n-butanol,23.1,15,60,1,0.018,5661,"[2, 4, 0, 5, 1, 0, 0, 0, 2, 5, 0, 0, 0, 0, 0]"
238,p84,82.3,50,ethanol,26.5,15,60,1,0.019,2822,"[2, 2, 0, 5, 1, 0, 0, 0, 2, 5, 0, 0, 0, 0, 0]"
239,matrimid,91.2,50,ipa,23.5,15,60,1,0.0247,1368,"[5, 1, 1, 5, 1, 2, 0, 0, 2, 4, 0, 0, 0, 0, 0]"
240,matrimid,91.2,50,n-butanol,23.1,15,60,1,0.0248,5661,"[4, 4, 0, 5, 1, 2, 0, 0, 2, 4, 0, 0, 0, 0, 0]"
241,matrimid,91.2,50,ethanol,26.5,15,60,1,0.0256,505,"[4, 2, 0, 5, 1, 2, 0, 0, 2, 4, 0, 0, 0, 0, 0]"
242,peba,89,30,n-butanol,23.1,99.99241466,60,1,0.2708,0.026227,"[2, 17, 0, 3, 1, 0, 0, 1, 0, 0, 3, 0, 0, 0, 0]"
243,peba,89,30,n-butanol,23.1,99.98103666,60,1,0.3125,0.02849,"[2, 17, 0, 3, 1, 0, 0, 1, 0, 0, 3, 0, 0, 0, 0]"
244,peba,89,30,n-butanol,23.1,99.96839444,60,1,0.327,0.029308,"[2, 17, 0, 3, 1, 0, 0, 1, 0, 0, 3, 0, 0, 0, 0]"
245,peba,89,30,n-butanol,23.1,99.9494311,60,1,0.3599,0.029539,"[2, 17, 0, 3, 1, 0, 0, 1, 0, 0, 3, 0, 0, 0, 0]"
246,peba,89,30,n-butanol,23.1,99.80151707,60,1,0.4159,0.029539,"[2, 17, 0, 3, 1, 0, 0, 1, 0, 0, 3, 0, 0, 0, 0]"
247,peba,89,30,n-butanol,23.1,99.92667509,60,1,0.3932,0.029933,"[2, 17, 0, 3, 1, 0, 0, 1, 0, 0, 3, 0, 0, 0, 0]"
248,peba,89,30,n-butanol,23.1,99.89759798,60,1,0.4155,0.030669,"[2, 17, 0, 3, 1, 0, 0, 1, 0, 0, 3, 0, 0, 0, 0]"
249,peba,89,30,n-butanol,23.1,99.98988622,50,1,0.1459,0.031443,"[2, 17, 0, 3, 1, 0, 0, 1, 0, 0, 3, 0, 0, 0, 0]"
250,peba,89,30,n-butanol,23.1,99.8369153,60,1,0.4473,0.03162,"[2, 17, 0, 3, 1, 0, 0, 1, 0, 0, 3, 0, 0, 0, 0]"
251,peba,89,30,n-butanol,23.1,99.69279393,60,1,0.4877,0.03198,"[2, 17, 0, 3, 1, 0, 0, 1, 0, 0, 3, 0, 0, 0, 0]"
252,peba,89,30,n-butanol,23.1,99.59924147,60,1,0.5038,0.032256,"[2, 17, 0, 3, 1, 0, 0, 1, 0, 0, 3, 0, 0, 0, 0]"
253,peba,89,30,n-butanol,23.1,99.96839444,50,1,0.1833,0.03381,"[2, 17, 0, 3, 1, 0, 0, 1, 0, 0, 3, 0, 0, 0, 0]"
254,peba,89,30,n-butanol,23.1,99.988622,50,1,0.1839,0.035299,"[2, 17, 0, 3, 1, 0, 0, 1, 0, 0, 3, 0, 0, 0, 0]"
255,peba,89,30,n-butanol,23.1,99.94437421,50,1,0.2388,0.035748,"[2, 17, 0, 3, 1, 0, 0, 1, 0, 0, 3, 0, 0, 0, 0]"
256,peba,89,30,n-butanol,23.1,99.89380531,50,1,0.2986,0.037417,"[2, 17, 0, 3, 1, 0, 0, 1, 0, 0, 3, 0, 0, 0, 0]"
257,peba,89,30,n-butanol,23.1,99.77496839,50,1,0.3586,0.039248,"[2, 17, 0, 3, 1, 0, 0, 1, 0, 0, 3, 0, 0, 0, 0]"
258,peba,89,30,n-butanol,23.1,99.92667509,50,1,0.2495,0.039805,"[2, 17, 0, 3, 1, 0, 0, 1, 0, 0, 3, 0, 0, 0, 0]"
259,peba,89,30,n-butanol,23.1,99.84197219,50,1,0.3445,0.040089,"[2, 17, 0, 3, 1, 0, 0, 1, 0, 0, 3, 0, 0, 0, 0]"
260,peba,89,30,n-butanol,23.1,99.6182048,50,1,0.3887,0.040378,"[2, 17, 0, 3, 1, 0, 0, 1, 0, 0, 3, 0, 0, 0, 0]"
261,peba,89,30,n-butanol,23.1,99.67635904,50,1,0.3647,0.04067,"[2, 17, 0, 3, 1, 0, 0, 1, 0, 0, 3, 0, 0, 0, 0]"
262,peba,89,30,n-butanol,23.1,99.98230088,40,1,0.0534,0.042519,"[2, 17, 0, 3, 1, 0, 0, 1, 0, 0, 3, 0, 0, 0, 0]"
263,peba,89,30,n-butanol,23.1,99.96965866,40,1,0.1062,0.045445,"[2, 17, 0, 3, 1, 0, 0, 1, 0, 0, 3, 0, 0, 0, 0]"
264,peba,89,30,n-butanol,23.1,99.95828066,40,1,0.1269,0.046193,"[2, 17, 0, 3, 1, 0, 0, 1, 0, 0, 3, 0, 0, 0, 0]"
265,peba,89,30,n-butanol,23.1,99.70543616,40,1,0.2074,0.046193,"[2, 17, 0, 3, 1, 0, 0, 1, 0, 0, 3, 0, 0, 0, 0]"
266,peba,89,30,n-butanol,23.1,99.93426043,40,1,0.2044,0.049017,"[2, 17, 0, 3, 1, 0, 0, 1, 0, 0, 3, 0, 0, 0, 0]"
267,peba,89,30,n-butanol,23.1,99.94690265,40,1,0.1851,0.049232,"[2, 17, 0, 3, 1, 0, 0, 1, 0, 0, 3, 0, 0, 0, 0]"
268,peba,89,30,n-butanol,23.1,99.82300885,40,1,0.2181,0.049232,"[2, 17, 0, 3, 1, 0, 0, 1, 0, 0, 3, 0, 0, 0, 0]"
269,peba,89,30,n-butanol,23.1,99.89254109,40,1,0.1923,0.050112,"[2, 17, 0, 3, 1, 0, 0, 1, 0, 0, 3, 0, 0, 0, 0]"
270,peba,89,30,n-butanol,23.1,99.79519595,40,1,0.2573,0.052948,"[2, 17, 0, 3, 1, 0, 0, 1, 0, 0, 3, 0, 0, 0, 0]"
271,peba,89,30,n-butanol,23.1,99.58912769,40,1,0.3054,0.053708,"[2, 17, 0, 3, 1, 0, 0, 1, 0, 0, 3, 0, 0, 0, 0]"
272,peba,89,30,n-butanol,23.1,99.95069532,29,1,0.063,0.057861,"[2, 17, 0, 3, 1, 0, 0, 1, 0, 0, 3, 0, 0, 0, 0]"
273,peba,89,30,n-butanol,23.1,99.93046776,29,1,0.1157,0.063778,"[2, 17, 0, 3, 1, 0, 0, 1, 0, 0, 3, 0, 0, 0, 0]"
274,peba,89,30,n-butanol,23.1,99.91782554,29,1,0.1172,0.071497,"[2, 17, 0, 3, 1, 0, 0, 1, 0, 0, 3, 0, 0, 0, 0]"
275,peba,89,30,n-butanol,23.1,99.85208597,29,1,0.1167,0.077951,"[2, 17, 0, 3, 1, 0, 0, 1, 0, 0, 3, 0, 0, 0, 0]"
276,peba,89,30,n-butanol,23.1,99.8091024,29,1,0.1317,0.07961,"[2, 17, 0, 3, 1, 0, 0, 1, 0, 0, 3, 0, 0, 0, 0]"
277,peba,89,30,n-butanol,23.1,99.63211125,29,1,0.1562,0.07961,"[2, 17, 0, 3, 1, 0, 0, 1, 0, 0, 3, 0, 0, 0, 0]"
278,peba,89,30,n-butanol,23.1,99.70417193,29,1,0.1348,0.081341,"[2, 17, 0, 3, 1, 0, 0, 1, 0, 0, 3, 0, 0, 0, 0]"
279,peba,89,30,n-butanol,23.1,95.7,35,3.2,0.5704,0.033815,"[2, 17, 0, 3, 1, 0, 0, 1, 0, 0, 3, 0, 0, 0, 0]"
280,peba,89,30,n-butanol,23.1,97.5,35,3.2,0.2656,0.039522,"[2, 17, 0, 3, 1, 0, 0, 1, 0, 0, 3, 0, 0, 0, 0]"
281,peba,89,30,n-butanol,23.1,99.5,35,3.2,0.1576,0.057177,"[2, 17, 0, 3, 1, 0, 0, 1, 0, 0, 3, 0, 0, 0, 0]"
282,peba,89,5,n-butanol,23.1,99,40,3,1.620111732,0.042619,"[2, 17, 0, 3, 1, 0, 0, 1, 0, 0, 3, 0, 0, 0, 0]"
283,peba,89,3.5,n-butanol,23.1,98,40,3,2.5,0.046316,"[2, 17, 0, 3, 1, 0, 0, 1, 0, 0, 3, 0, 0, 0, 0]"
284,peba,89,3.5,n-butanol,23.1,99,40,3,2,0.046667,"[2, 17, 0, 3, 1, 0, 0, 1, 0, 0, 3, 0, 0, 0, 0]"
285,peba,89,3.5,n-butanol,23.1,99,50,3,3,0.046667,"[2, 17, 0, 3, 1, 0, 0, 1, 0, 0, 3, 0, 0, 0, 0]"
286,peba,89,3.5,n-butanol,23.1,99,60,3,4.2,0.048611,"[2, 17, 0, 3, 1, 0, 0, 1, 0, 0, 3, 0, 0, 0, 0]"
287,peba,89,3.5,n-butanol,23.1,97,40,3,3.181818182,0.049577,"[2, 17, 0, 3, 1, 0, 0, 1, 0, 0, 3, 0, 0, 0, 0]"
288,peba,89,3.5,n-butanol,23.1,96,40,3,4.113636364,0.051014,"[2, 17, 0, 3, 1, 0, 0, 1, 0, 0, 3, 0, 0, 0, 0]"
289,peba,89,3.5,n-butanol,23.1,99,30,3,1.028571429,0.054688,"[2, 17, 0, 3, 1, 0, 0, 1, 0, 0, 3, 0, 0, 0, 0]"
290,peba,89,2.5,n-butanol,23.1,99,40,3,2.877094972,0.056825,"[2, 17, 0, 3, 1, 0, 0, 1, 0, 0, 3, 0, 0, 0, 0]"
291,peba,89,3.5,n-butanol,23.1,99,25,3,0.885714286,0.066038,"[2, 17, 0, 3, 1, 0, 0, 1, 0, 0, 3, 0, 0, 0, 0]"
292,peba,89,2,n-butanol,23.1,99,40,3,4.413407821,0.074583,"[2, 17, 0, 3, 1, 0, 0, 1, 0, 0, 3, 0, 0, 0, 0]"
293,peba,89,7,n-butanol,23.1,96.3,34,1.3,1.043,0.107526882,"[2, 17, 0, 3, 1, 0, 0, 1, 0, 0, 3, 0, 0, 0, 0]"
294,pdms,108.08219,20,n-butanol,23.1,99,40,2.1,0.775895765,0.024612,"[3, 3, 0, 0, 1, 0, 0, 0, 0, 0, 1, 0, 0, 1, 0]"
295,pdms,108.08219,10,n-butanol,23.1,99,40,2.1,0.778,0.02457,"[3, 3, 0, 0, 1, 0, 0, 0, 0, 0, 1, 0, 0, 1, 0]"
296,pdms,108.08219,10,n-butanol,23.1,99,40,2.1,0.805211726,0.024738,"[3, 3, 0, 0, 1, 0, 0, 0, 0, 0, 1, 0, 0, 1, 0]"
297,pdms,108.08219,10,n-butanol,23.1,99,40,2.1,0.946,0.022523,"[3, 3, 0, 0, 1, 0, 0, 0, 0, 0, 1, 0, 0, 1, 0]"
298,pdms,108.08219,10,n-butanol,23.1,99.5,40,2.1,1.064655172,0.021294,"[3, 3, 0, 0, 1, 0, 0, 0, 0, 0, 1, 0, 0, 1, 0]"
299,pdms,108.08219,10,n-butanol,23.1,99,40,2.1,1.258358663,0.023305,"[3, 3, 0, 0, 1, 0, 0, 0, 0, 0, 1, 0, 0, 1, 0]"
300,pdms,108.08219,10,n-butanol,23.1,99,40,2.1,1.282,0.02331,"[3, 3, 0, 0, 1, 0, 0, 0, 0, 0, 1, 0, 0, 1, 0]"
301,pdms,108.08219,10,n-butanol,23.1,99,40,2.1,1.284482759,0.023294,"[3, 3, 0, 0, 1, 0, 0, 0, 0, 0, 1, 0, 0, 1, 0]"
302,pdms,108.08219,10,n-butanol,23.1,98,40,2.1,1.620689655,0.024442,"[3, 3, 0, 0, 1, 0, 0, 0, 0, 0, 1, 0, 0, 1, 0]"
303,pdms,108.08219,10,n-butanol,23.1,99,50,2.1,1.957446809,0.023605,"[3, 3, 0, 0, 1, 0, 0, 0, 0, 0, 1, 0, 0, 1, 0]"
304,pdms,108.08219,10,n-butanol,23.1,97,40,2.1,1.989224138,0.025709,"[3, 3, 0, 0, 1, 0, 0, 0, 0, 0, 1, 0, 0, 1, 0]"
305,pdms,108.08219,10,n-butanol,23.1,96,40,2.1,2.435344828,0.026436,"[3, 3, 0, 0, 1, 0, 0, 0, 0, 0, 1, 0, 0, 1, 0]"
306,pdms,108.08219,10,n-butanol,23.1,99,60,2.1,2.671732523,0.025229,"[3, 3, 0, 0, 1, 0, 0, 0, 0, 0, 1, 0, 0, 1, 0]"
307,pdms,108.08219,10,n-butanol,23.1,99,70,2.1,3.6443769,0.0275,"[3, 3, 0, 0, 1, 0, 0, 0, 0, 0, 1, 0, 0, 1, 0]"
308,pdms,108.08219,10,n-butanol,23.1,99,80,2.1,4.76899696,0.028497,"[3, 3, 0, 0, 1, 0, 0, 0, 0, 0, 1, 0, 0, 1, 0]"
309,pdms,108.08219,6,n-butanol,23.1,99,40,2.1,0.927361564,0.0283,"[3, 3, 0, 0, 1, 0, 0, 0, 0, 0, 1, 0, 0, 1, 0]"
310,pdms,108.08219,4,n-butanol,23.1,99,40,2.1,1.240065147,0.033521,"[3, 3, 0, 0, 1, 0, 0, 0, 0, 0, 1, 0, 0, 1, 0]"
311,pdms,108.08219,2,n-butanol,23.1,99,40,2.1,1.880130293,0.03863,"[3, 3, 0, 0, 1, 0, 0, 0, 0, 0, 1, 0, 0, 1, 0]"
312,pdms,108.08219,10,n-butanol,23.1,98.5,55,2,0.8,0.023816,"[3, 3, 0, 0, 1, 0, 0, 0, 0, 0, 1, 0, 0, 1, 0]"
313,pdms,108.08219,25.01414528,n-butanol,23.1,99,40,4,0.221771424,0.018849,"[3, 3, 0, 0, 1, 0, 0, 0, 0, 0, 1, 0, 0, 1, 0]"
314,pdms,108.08219,15.02445855,n-butanol,23.1,99,40,4,0.382658555,0.017288,"[3, 3, 0, 0, 1, 0, 0, 0, 0, 0, 1, 0, 0, 1, 0]"
315,pdms,108.08219,11.0661469,n-butanol,23.1,99,40,4,0.632996811,0.018719,"[3, 3, 0, 0, 1, 0, 0, 0, 0, 0, 1, 0, 0, 1, 0]"
316,pdms,108.08219,5.551854971,n-butanol,23.1,99,40,4,0.610042672,0.022432,"[3, 3, 0, 0, 1, 0, 0, 0, 0, 0, 1, 0, 0, 1, 0]"
317,pdms,108.08219,4.405094191,n-butanol,23.1,99.69,40,4,0.644444444,0.026829,"[3, 3, 0, 0, 1, 0, 0, 0, 0, 0, 1, 0, 0, 1, 0]"
318,pdms,108.08219,4.405094191,n-butanol,23.1,99,30,4,0.7073,0.025529,"[3, 3, 0, 0, 1, 0, 0, 0, 0, 0, 1, 0, 0, 1, 0]"
319,pdms,108.08219,4.405094191,n-butanol,23.1,99,40,4,0.720574516,0.02381,"[3, 3, 0, 0, 1, 0, 0, 0, 0, 0, 1, 0, 0, 1, 0]"
320,pdms,108.08219,4.405094191,n-butanol,23.1,99.08,40,4,0.744444444,0.023971,"[3, 3, 0, 0, 1, 0, 0, 0, 0, 0, 1, 0, 0, 1, 0]"
321,pdms,108.08219,4.405094191,n-butanol,23.1,99,40,4,0.769430052,0.023827,"[3, 3, 0, 0, 1, 0, 0, 0, 0, 0, 1, 0, 0, 1, 0]"
322,pdms,108.08219,4.405094191,n-butanol,23.1,98.49333333,40,4,0.877777778,0.023404,"[3, 3, 0, 0, 1, 0, 0, 0, 0, 0, 1, 0, 0, 1, 0]"
323,pdms,108.08219,4.405094191,n-butanol,23.1,97.88,40,4,0.977777778,0.022551,"[3, 3, 0, 0, 1, 0, 0, 0, 0, 0, 1, 0, 0, 1, 0]"
324,pdms,108.08219,4.405094191,n-butanol,23.1,97.28,40,4,1.138888889,0.02129,"[3, 3, 0, 0, 1, 0, 0, 0, 0, 0, 1, 0, 0, 1, 0]"
325,pdms,108.08219,4.405094191,n-butanol,23.1,99,50,4,1.183937824,0.022494,"[3, 3, 0, 0, 1, 0, 0, 0, 0, 0, 1, 0, 0, 1, 0]"
326,pdms,108.08219,4.405094191,n-butanol,23.1,99,60,4,1.588082902,0.020887,"[3, 3, 0, 0, 1, 0, 0, 0, 0, 0, 1, 0, 0, 1, 0]"
327,pdms,108.08219,4.405094191,n-butanol,23.1,99,70,4,2.20984456,0.021588,"[3, 3, 0, 0, 1, 0, 0, 0, 0, 0, 1, 0, 0, 1, 0]"
328,pdms,110,13.3,n-butanol,23.1,99,40,1,0.282,0.025907,"[3, 3, 0, 0, 1, 0, 0, 0, 0, 0, 1, 0, 0, 1, 0]"
329,pdms,108.2,11.5,n-butanol,23.1,98.5,55,0.6,0.6926829,0.023782,"[3, 3, 0, 0, 1, 0, 0, 0, 0, 0, 1, 0, 0, 1, 0]"
330,pdms,109,10,ethanol,26.5,95,40,3,0.468208092,0.138462,"[3, 1, 0, 0, 1, 0, 0, 0, 0, 0, 1, 0, 0, 1, 0]"
331,pdms,109,10,n-butanol,23.1,95,40,3,0.589595376,0.05,"[3, 3, 0, 0, 1, 0, 0, 0, 0, 0, 1, 0, 0, 1, 0]"
332,pva,74,3,methanol,29.6,15,50,3,0.270805067,30.434783,"[1, 1, 1, 0, 2, 0, 0, 0, 0, 0, 0, 0, 0, 0, 0]"
333,pva,74,3,methanol,29.6,15,60,3,0.270805067,30.434783,"[1, 1, 1, 0, 2, 0, 0, 0, 0, 0, 0, 0, 0, 0, 0]"
334,pva,74,3,methanol,29.6,1,50,3,0.271142921,1176.811594,"[1, 1, 1, 0, 2, 0, 0, 0, 0, 0, 0, 0, 0, 0, 0]"
335,pva,74,3,methanol,29.6,10,50,3,0.285797323,101.449275,"[1, 1, 1, 0, 2, 0, 0, 0, 0, 0, 0, 0, 0, 0, 0]"
336,pva,74,3,methanol,29.6,3,50,3,0.290745611,831.884058,"[1, 1, 1, 0, 2, 0, 0, 0, 0, 0, 0, 0, 0, 0, 0]"
337,pva,74,3,methanol,29.6,5,50,3,0.300587959,547.826087,"[1, 1, 1, 0, 2, 0, 0, 0, 0, 0, 0, 0, 0, 0, 0]"
338,pva,74,3,methanol,29.6,20,50,3,0.330898221,20.289855,"[1, 1, 1, 0, 2, 0, 0, 0, 0, 0, 0, 0, 0, 0, 0]"
339,pva,74,3,methanol,29.6,20,60,3,0.332481466,20.289855,"[1, 1, 1, 0, 2, 0, 0, 0, 0, 0, 0, 0, 0, 0, 0]"
340,pva,74,3,methanol,29.6,20,70,3,0.332481466,20.289855,"[1, 1, 1, 0, 2, 0, 0, 0, 0, 0, 0, 0, 0, 0, 0]"
341,pva,74,3,methanol,29.6,1,60,3,0.419519863,1247.826087,"[1, 1, 1, 0, 2, 0, 0, 0, 0, 0, 0, 0, 0, 0, 0]"
342,pva,74,3,methanol,29.6,10,60,3,0.432726751,111.594203,"[1, 1, 1, 0, 2, 0, 0, 0, 0, 0, 0, 0, 0, 0, 0]"
343,pva,74,3,methanol,29.6,3,60,3,0.43333507,882.608696,"[1, 1, 1, 0, 2, 0, 0, 0, 0, 0, 0, 0, 0, 0, 0]"
344,pva,74,3,methanol,29.6,5,60,3,0.475679607,547.826087,"[1, 1, 1, 0, 2, 0, 0, 0, 0, 0, 0, 0, 0, 0, 0]"
345,pva,74,3,methanol,29.6,15,70,3,0.487656633,30.434783,"[1, 1, 1, 0, 2, 0, 0, 0, 0, 0, 0, 0, 0, 0, 0]"
346,pva,74,3,methanol,29.6,3,70,3,0.5798413,913.043478,"[1, 1, 1, 0, 2, 0, 0, 0, 0, 0, 0, 0, 0, 0, 0]"
347,pva,74,3,methanol,29.6,1,70,3,0.580966706,1318.84058,"[1, 1, 1, 0, 2, 0, 0, 0, 0, 0, 0, 0, 0, 0, 0]"
348,pva,74,3,methanol,29.6,5,70,3,0.615752926,547.826087,"[1, 1, 1, 0, 2, 0, 0, 0, 0, 0, 0, 0, 0, 0, 0]"
349,pva,74,3,methanol,29.6,10,70,3,0.663587992,111.594203,"[1, 1, 1, 0, 2, 0, 0, 0, 0, 0, 0, 0, 0, 0, 0]"
350,pdms,108.08219,25,ipa,23.5,99,30,1,0.212258065,0.055319,"[4, 0, 1, 0, 1, 0, 0, 0, 0, 0, 1, 0, 0, 1, 0]"
351,pdms,108.08219,25,ipa,23.5,96,30,1,0.30375,0.077143,"[4, 0, 1, 0, 1, 0, 0, 0, 0, 0, 1, 0, 0, 1, 0]"
352,pdms,108.08219,25,ipa,23.5,96,30,1,0.307096774,0.076471,"[4, 0, 1, 0, 1, 0, 0, 0, 0, 0, 1, 0, 0, 1, 0]"
353,pdms,108.08219,25,ipa,23.5,93,30,1,0.429032258,0.086667,"[4, 0, 1, 0, 1, 0, 0, 0, 0, 0, 1, 0, 0, 1, 0]"
354,pdms,108.08219,25,ipa,23.5,96,40,1,0.46125,0.082653,"[4, 0, 1, 0, 1, 0, 0, 0, 0, 0, 1, 0, 0, 1, 0]"
355,pdms,108.08219,25,ipa,23.5,91,30,1,0.609677419,0.096296,"[4, 0, 1, 0, 1, 0, 0, 0, 0, 0, 1, 0, 0, 1, 0]"
356,pdms,108.08219,25,ipa,23.5,96,50,1,0.63,0.092571,"[4, 0, 1, 0, 1, 0, 0, 0, 0, 0, 1, 0, 0, 1, 0]"
357,pdms,108.08219,25,ipa,23.5,96,60,1,0.793125,0.100621,"[4, 0, 1, 0, 1, 0, 0, 0, 0, 0, 1, 0, 0, 1, 0]"
358,pdms,108.08219,1.5,methanol,29.6,95,20,10,0.441142857,0.132593,"[3, 0, 0, 0, 1, 0, 0, 0, 0, 0, 1, 0, 0, 1, 0]"
359,pdms,108.08219,1.5,ethanol,26.5,95,20,10,0.441142857,0.105294,"[3, 1, 0, 0, 1, 0, 0, 0, 0, 0, 1, 0, 0, 1, 0]"
360,ppms,121.2,1.5,methanol,29.6,95,20,10,0.537142857,0.325455,"[2, 0, 0, 0, 1, 0, 0, 0, 0, 1, 1, 0, 0, 1, 0]"
361,ppms,121.2,1.5,ethanol,26.5,95,20,10,0.578285714,0.1432,"[2, 1, 0, 0, 1, 0, 0, 0, 0, 1, 1, 0, 0, 1, 0]"
362,pdms,108.08219,1.5,methanol,29.6,95,30,10,0.660571429,0.137692,"[3, 0, 0, 0, 1, 0, 0, 0, 0, 0, 1, 0, 0, 1, 0]"
363,pdms,108.08219,1.5,ethanol,26.5,95,30,10,0.660571429,0.111875,"[3, 1, 0, 0, 1, 0, 0, 0, 0, 0, 1, 0, 0, 1, 0]"
364,ppms,121.2,1.5,methanol,29.6,95,30,10,0.797714286,0.238667,"[2, 0, 0, 0, 1, 0, 0, 0, 0, 1, 1, 0, 0, 1, 0]"
365,ppms,121.2,1.5,ethanol,26.5,95,30,10,0.893714286,0.162727,"[2, 1, 0, 0, 1, 0, 0, 0, 0, 1, 1, 0, 0, 1, 0]"
366,pdms,108.08219,1.5,methanol,29.6,95,40,10,1.140571429,0.1432,"[3, 0, 0, 0, 1, 0, 0, 0, 0, 0, 1, 0, 0, 1, 0]"
367,pdms,108.08219,1.5,ethanol,26.5,95,40,10,1.140571429,0.108485,"[3, 1, 0, 0, 1, 0, 0, 0, 0, 0, 1, 0, 0, 1, 0]"
368,pdms,108.08219,1.5,methanol,29.6,95,45,10,1.346285714,0.1432,"[3, 0, 0, 0, 1, 0, 0, 0, 0, 0, 1, 0, 0, 1, 0]"
369,ppms,121.2,1.5,methanol,29.6,95,40,10,1.36,0.210588,"[2, 0, 0, 0, 1, 0, 0, 0, 0, 1, 1, 0, 0, 1, 0]"
370,pdms,108.08219,1.5,ethanol,26.5,95,45,10,1.387428571,0.108485,"[3, 1, 0, 0, 1, 0, 0, 0, 0, 0, 1, 0, 0, 1, 0]"
371,ppms,121.2,1.5,ethanol,26.5,95,40,10,1.428571429,0.170476,"[2, 1, 0, 0, 1, 0, 0, 0, 0, 1, 1, 0, 0, 1, 0]"
372,ppms,121.2,1.5,methanol,29.6,95,45,10,1.730285714,0.198889,"[2, 0, 0, 0, 1, 0, 0, 0, 0, 1, 1, 0, 0, 1, 0]"
373,ppms,121.2,1.5,ethanol,26.5,95,45,10,1.785142857,0.162727,"[2, 1, 0, 0, 1, 0, 0, 0, 0, 1, 1, 0, 0, 1, 0]"
374,pdms,108.08219,8,methanol,29.6,99.7,30,9,0.366492147,0.130435,"[3, 0, 0, 0, 1, 0, 0, 0, 0, 0, 1, 0, 0, 1, 0]"
375,pdms,108.08219,8,methanol,29.6,99,30,9,0.418848168,0.295775,"[3, 0, 0, 0, 1, 0, 0, 0, 0, 0, 1, 0, 0, 1, 0]"
376,pdms,108.08219,8,methanol,29.6,99,35,9,0.497382199,0.308824,"[3, 0, 0, 0, 1, 0, 0, 0, 0, 0, 1, 0, 0, 1, 0]"
377,pdms,108.08219,8,methanol,29.6,97,30,9,0.54973822,0.538462,"[3, 0, 0, 0, 1, 0, 0, 0, 0, 0, 1, 0, 0, 1, 0]"
378,pdms,108.08219,8,methanol,29.6,99.7,35,9,0.54973822,0.135484,"[3, 0, 0, 0, 1, 0, 0, 0, 0, 0, 1, 0, 0, 1, 0]"
379,pdms,108.08219,8,methanol,29.6,99.7,40,9,0.641361257,0.138158,"[3, 0, 0, 0, 1, 0, 0, 0, 0, 0, 1, 0, 0, 1, 0]"
380,pdms,108.08219,8,methanol,29.6,99,40,9,0.654450262,0.323077,"[3, 0, 0, 0, 1, 0, 0, 0, 0, 0, 1, 0, 0, 1, 0]"
381,pdms,108.08219,8,methanol,29.6,97,35,9,0.732984293,0.567568,"[3, 0, 0, 0, 1, 0, 0, 0, 0, 0, 1, 0, 0, 1, 0]"
382,pdms,108.08219,8,methanol,29.6,97,40,9,0.876963351,0.567568,"[3, 0, 0, 0, 1, 0, 0, 0, 0, 0, 1, 0, 0, 1, 0]"
383,pdms,108.08219,8,methanol,29.6,99,45,9,0.994764398,0.344262,"[3, 0, 0, 0, 1, 0, 0, 0, 0, 0, 1, 0, 0, 1, 0]"
384,pdms,108.08219,8,methanol,29.6,99.7,45,9,0.994764398,0.146853,"[3, 0, 0, 0, 1, 0, 0, 0, 0, 0, 1, 0, 0, 1, 0]"
385,pdms,108.08219,8,methanol,29.6,97,45,9,1.544502618,0.6,"[3, 0, 0, 0, 1, 0, 0, 0, 0, 0, 1, 0, 0, 1, 0]"
386,pdms,108.08219,8,methanol,29.6,99.7,50,9,1.64921466,0.15,"[3, 0, 0, 0, 1, 0, 0, 0, 0, 0, 1, 0, 0, 1, 0]"
387,pdms,108.08219,8,methanol,29.6,99,50,9,1.727748691,0.355932,"[3, 0, 0, 0, 1, 0, 0, 0, 0, 0, 1, 0, 0, 1, 0]"
388,pdms,108.08219,8,methanol,29.6,97,50,9,2.094240838,0.636364,"[3, 0, 0, 0, 1, 0, 0, 0, 0, 0, 1, 0, 0, 1, 0]"
389,pdms,108.08219,8,methanol,29.6,99.7,30,9,0.368421053,0.130263,"[3, 0, 0, 0, 1, 0, 0, 0, 0, 0, 1, 0, 0, 1, 0]"
390,pdms,108.08219,8,methanol,29.6,99,30,9,0.389473684,0.3,"[3, 0, 0, 0, 1, 0, 0, 0, 0, 0, 1, 0, 0, 1, 0]"
391,pdms,108.08219,8,ethanol,26.5,99.7,30,9,0.515789474,0.341379,"[3, 1, 0, 0, 1, 0, 0, 0, 0, 0, 1, 0, 0, 1, 0]"
392,pdms,108.08219,8,methanol,29.6,97,30,9,0.547368421,0.55,"[3, 0, 0, 0, 1, 0, 0, 0, 0, 0, 1, 0, 0, 1, 0]"
393,pdms,108.08219,8,ethanol,26.5,99,30,9,0.6,0.61875,"[3, 1, 0, 0, 1, 0, 0, 0, 0, 0, 1, 0, 0, 1, 0]"
394,pdms,108.08219,8,ethanol,26.5,97,30,9,0.905263158,0.9,"[3, 1, 0, 0, 1, 0, 0, 0, 0, 0, 1, 0, 0, 1, 0]"
395,chitosan,55.1,26.2,methanol,29.6,1.9,25,2.5,0.164018692,3.047847,"[1, 2, 10, 0, 5, 0, 2, 0, 0, 0, 4, 0, 0, 0, 0]"
396,chitosan,55.1,26.2,methanol,29.6,5,25,2.5,0.189252336,3.181818,"[1, 2, 10, 0, 5, 0, 2, 0, 0, 0, 4, 0, 0, 0, 0]"
397,chitosan,55.1,26.2,methanol,29.6,9,25,2.5,0.210280374,3.449761,"[1, 2, 10, 0, 5, 0, 2, 0, 0, 0, 4, 0, 0, 0, 0]"
398,chitosan,55.1,26.2,methanol,29.6,16.1,25,2.5,0.239719626,4.555024,"[1, 2, 10, 0, 5, 0, 2, 0, 0, 0, 4, 0, 0, 0, 0]"
399,chitosan,55.1,26.2,methanol,29.6,5,35,2.5,0.269158879,3.583732,"[1, 2, 10, 0, 5, 0, 2, 0, 0, 0, 4, 0, 0, 0, 0]"
400,chitosan,55.1,26.2,methanol,29.6,1.9,35,2.5,0.285981308,3.215311,"[1, 2, 10, 0, 5, 0, 2, 0, 0, 0, 4, 0, 0, 0, 0]"
401,chitosan,55.1,26.2,methanol,29.6,9,35,2.5,0.307009346,3.985646,"[1, 2, 10, 0, 5, 0, 2, 0, 0, 0, 4, 0, 0, 0, 0]"
402,chitosan,55.1,26.2,methanol,29.6,16.1,35,2.5,0.361682243,4.923445,"[1, 2, 10, 0, 5, 0, 2, 0, 0, 0, 4, 0, 0, 0, 0]"
403,chitosan,55.1,26.2,methanol,29.6,26.8,25,2.5,0.361682243,3.985646,"[1, 2, 10, 0, 5, 0, 2, 0, 0, 0, 4, 0, 0, 0, 0]"
404,chitosan,55.1,26.2,methanol,29.6,5,45,2.5,0.38271028,3.751196,"[1, 2, 10, 0, 5, 0, 2, 0, 0, 0, 4, 0, 0, 0, 0]"
405,chitosan,55.1,26.2,methanol,29.6,1.9,45,2.5,0.386915888,3.248804,"[1, 2, 10, 0, 5, 0, 2, 0, 0, 0, 4, 0, 0, 0, 0]"
406,chitosan,55.1,26.2,methanol,29.6,9,45,2.5,0.420560748,4.287081,"[1, 2, 10, 0, 5, 0, 2, 0, 0, 0, 4, 0, 0, 0, 0]"
407,chitosan,55.1,26.2,methanol,29.6,16.1,45,2.5,0.479439252,5.291866,"[1, 2, 10, 0, 5, 0, 2, 0, 0, 0, 4, 0, 0, 0, 0]"
408,chitosan,55.1,26.2,methanol,29.6,1.9,55,2.5,0.48364486,3.483254,"[1, 2, 10, 0, 5, 0, 2, 0, 0, 0, 4, 0, 0, 0, 0]"
409,chitosan,55.1,26.2,methanol,29.6,26.8,35,2.5,0.538317757,4.38756,"[1, 2, 10, 0, 5, 0, 2, 0, 0, 0, 4, 0, 0, 0, 0]"
410,chitosan,55.1,26.2,methanol,29.6,5,55,2.5,0.550934579,4.688995,"[1, 2, 10, 0, 5, 0, 2, 0, 0, 0, 4, 0, 0, 0, 0]"
411,chitosan,55.1,26.2,methanol,29.6,9,55,2.5,0.597196262,5.191388,"[1, 2, 10, 0, 5, 0, 2, 0, 0, 0, 4, 0, 0, 0, 0]"
412,chitosan,55.1,26.2,methanol,29.6,16.1,55,2.5,0.622429907,5.894737,"[1, 2, 10, 0, 5, 0, 2, 0, 0, 0, 4, 0, 0, 0, 0]"
413,chitosan,55.1,26.2,methanol,29.6,26.8,45,2.5,0.668691589,4.856459,"[1, 2, 10, 0, 5, 0, 2, 0, 0, 0, 4, 0, 0, 0, 0]"
414,chitosan,55.1,26.2,methanol,29.6,26.8,55,2.5,0.845327103,5.69378,"[1, 2, 10, 0, 5, 0, 2, 0, 0, 0, 4, 0, 0, 0, 0]"
415,chitosan,55.1,28.4,methanol,29.6,5.45,45,2.5,0.21752988,5.646396,"[1, 2, 10, 0, 5, 0, 2, 0, 0, 0, 4, 0, 0, 0, 0]"
416,chitosan,55.1,28.4,methanol,29.6,10.31,45,2.5,0.401593625,4.301595,"[1, 2, 10, 0, 5, 0, 2, 0, 0, 0, 4, 0, 0, 0, 0]"
417,chitosan,55.1,28.4,methanol,29.6,1.99,45,2.5,0.429482072,3.276708,"[1, 2, 10, 0, 5, 0, 2, 0, 0, 0, 4, 0, 0, 0, 0]"
418,chitosan,55.1,28.4,methanol,29.6,1.2,45,2.5,0.647011952,3.523793,"[1, 2, 10, 0, 5, 0, 2, 0, 0, 0, 4, 0, 0, 0, 0]"
419,chitosan,55.1,28.4,methanol,29.6,21.21,45,2.5,0.842231076,3.78723,"[1, 2, 10, 0, 5, 0, 2, 0, 0, 0, 4, 0, 0, 0, 0]"
420,chitosan,55.1,28.4,methanol,29.6,29.96,45,2.5,1.188047809,3.739064,"[1, 2, 10, 0, 5, 0, 2, 0, 0, 0, 4, 0, 0, 0, 0]"
421,alginate,36,0.19,methanol,29.6,10,77,3,1.81,653,"[1, 0, 10, 2, 7, 0, 0, 0, 0, 0, 4, 0, 0, 0, 0]"
422,pva,74,22,ethylene_glycol,32.9,10,25,8,0.0316,419.354839,"[0, 3, 1, 0, 3, 0, 0, 0, 0, 0, 0, 0, 0, 0, 0]"
423,pva,74,10,ethylene_glycol,32.9,10,60,6.7,0.294736842,1687.5,"[0, 3, 1, 0, 3, 0, 0, 0, 0, 0, 0, 0, 0, 0, 0]"
424,pva,74,10,ethylene_glycol,32.9,10,60,6.7,0.325581395,1675.637394,"[0, 3, 1, 0, 3, 0, 0, 0, 0, 0, 0, 0, 0, 0, 0]"
425,pva,74,10,ethylene_glycol,32.9,10,75,6.7,1.046511628,604.815864,"[0, 3, 1, 0, 3, 0, 0, 0, 0, 0, 0, 0, 0, 0, 0]"
426,pva,74,10,ethylene_glycol,32.9,10,70,6.7,1.093023256,1001.416431,"[0, 3, 1, 0, 3, 0, 0, 0, 0, 0, 0, 0, 0, 0, 0]"
427,pva,74,10,ethylene_glycol,32.9,10,70,6.7,1.136842105,1000,"[0, 3, 1, 0, 3, 0, 0, 0, 0, 0, 0, 0, 0, 0, 0]"
428,pva,74,10,ethylene_glycol,32.9,20,60,6.7,1.186046512,2488.668555,"[0, 3, 1, 0, 3, 0, 0, 0, 0, 0, 0, 0, 0, 0, 0]"
429,pva,74,10,ethylene_glycol,32.9,20,60,6.7,1.221052632,2500,"[0, 3, 1, 0, 3, 0, 0, 0, 0, 0, 0, 0, 0, 0, 0]"
430,pva,74,10,ethylene_glycol,32.9,10,75,6.7,1.263157895,593.75,"[0, 3, 1, 0, 3, 0, 0, 0, 0, 0, 0, 0, 0, 0, 0]"
431,pva,74,10,ethylene_glycol,32.9,10,80,6.7,1.372093023,297.450425,"[0, 3, 1, 0, 3, 0, 0, 0, 0, 0, 0, 0, 0, 0, 0]"
432,pva,74,10,ethylene_glycol,32.9,10,80,6.7,1.389473684,296.875,"[0, 3, 1, 0, 3, 0, 0, 0, 0, 0, 0, 0, 0, 0, 0]"
433,pva,74,10,ethylene_glycol,32.9,30,60,6.7,2.273684211,1390.625,"[0, 3, 1, 0, 3, 0, 0, 0, 0, 0, 0, 0, 0, 0, 0]"
434,pva,74,10,ethylene_glycol,32.9,30,60,6.7,2.302325581,1388.101983,"[0, 3, 1, 0, 3, 0, 0, 0, 0, 0, 0, 0, 0, 0, 0]"
435,pva,74,10,ethylene_glycol,32.9,20,70,6.7,2.488372093,1477.33711,"[0, 3, 1, 0, 3, 0, 0, 0, 0, 0, 0, 0, 0, 0, 0]"
436,pva,74,10,ethylene_glycol,32.9,20,70,6.7,2.526315789,1484.375,"[0, 3, 1, 0, 3, 0, 0, 0, 0, 0, 0, 0, 0, 0, 0]"
437,pva,74,10,ethylene_glycol,32.9,20,75,6.7,2.558139535,1219.546742,"[0, 3, 1, 0, 3, 0, 0, 0, 0, 0, 0, 0, 0, 0, 0]"
438,pva,74,10,ethylene_glycol,32.9,20,75,6.7,2.652631579,1218.75,"[0, 3, 1, 0, 3, 0, 0, 0, 0, 0, 0, 0, 0, 0, 0]"
439,pva,74,10,ethylene_glycol,32.9,20,80,6.7,2.744186047,892.351275,"[0, 3, 1, 0, 3, 0, 0, 0, 0, 0, 0, 0, 0, 0, 0]"
440,pva,74,10,ethylene_glycol,32.9,20,80,6.7,2.821052632,906.25,"[0, 3, 1, 0, 3, 0, 0, 0, 0, 0, 0, 0, 0, 0, 0]"
441,pva,74,10,ethylene_glycol,32.9,30,70,6.7,3.705263158,796.875,"[0, 3, 1, 0, 3, 0, 0, 0, 0, 0, 0, 0, 0, 0, 0]"
442,pva,74,10,ethylene_glycol,32.9,30,70,6.7,3.720930233,793.201133,"[0, 3, 1, 0, 3, 0, 0, 0, 0, 0, 0, 0, 0, 0, 0]"
443,pva,74,10,ethylene_glycol,32.9,40,60,6.7,3.906976744,1001.416431,"[0, 3, 1, 0, 3, 0, 0, 0, 0, 0, 0, 0, 0, 0, 0]"
444,pva,74,10,ethylene_glycol,32.9,40,60,6.7,3.915789474,1015.625,"[0, 3, 1, 0, 3, 0, 0, 0, 0, 0, 0, 0, 0, 0, 0]"
445,pva,74,10,ethylene_glycol,32.9,30,75,6.7,4,390.625,"[0, 3, 1, 0, 3, 0, 0, 0, 0, 0, 0, 0, 0, 0, 0]"
446,pva,74,10,ethylene_glycol,32.9,30,75,6.7,4.023255814,386.685552,"[0, 3, 1, 0, 3, 0, 0, 0, 0, 0, 0, 0, 0, 0, 0]"
447,pva,74,10,ethylene_glycol,32.9,30,80,6.7,4.505263158,125,"[0, 3, 1, 0, 3, 0, 0, 0, 0, 0, 0, 0, 0, 0, 0]"
448,pva,74,10,ethylene_glycol,32.9,30,80,6.7,4.511627907,128.895184,"[0, 3, 1, 0, 3, 0, 0, 0, 0, 0, 0, 0, 0, 0, 0]"
449,pva,74,10,ethylene_glycol,32.9,40,70,6.7,5.209302326,703.966006,"[0, 3, 1, 0, 3, 0, 0, 0, 0, 0, 0, 0, 0, 0, 0]"
450,pva,74,10,ethylene_glycol,32.9,40,70,6.7,5.221052632,703.125,"[0, 3, 1, 0, 3, 0, 0, 0, 0, 0, 0, 0, 0, 0, 0]"
451,pva,74,10,ethylene_glycol,32.9,40,75,6.7,5.906976744,198.300283,"[0, 3, 1, 0, 3, 0, 0, 0, 0, 0, 0, 0, 0, 0, 0]"
452,pva,74,10,ethylene_glycol,32.9,40,75,6.7,5.936842105,203.125,"[0, 3, 1, 0, 3, 0, 0, 0, 0, 0, 0, 0, 0, 0, 0]"
453,pva,74,10,ethylene_glycol,32.9,40,80,6.7,6.905263158,62.5,"[0, 3, 1, 0, 3, 0, 0, 0, 0, 0, 0, 0, 0, 0, 0]"
454,pva,74,10,ethylene_glycol,32.9,40,80,6.7,6.906976744,69.405099,"[0, 3, 1, 0, 3, 0, 0, 0, 0, 0, 0, 0, 0, 0, 0]"
455,pva,50.22,15,ethylene_glycol,32.9,20,50,6.7,0.071137026,1247.213949,"[0, 3, 1, 0, 3, 0, 0, 0, 0, 0, 0, 0, 0, 0, 0]"
456,pva,50.22,15,ethylene_glycol,32.9,20,60,6.7,0.131778426,1070.3364,"[0, 3, 1, 0, 3, 0, 0, 0, 0, 0, 0, 0, 0, 0, 0]"
457,pva,50.22,15,ethylene_glycol,32.9,20,70,6.7,0.212244898,934.285707,"[0, 3, 1, 0, 3, 0, 0, 0, 0, 0, 0, 0, 0, 0, 0]"
458,pva,50.22,15,ethylene_glycol,32.9,10,70,6.7,0.308510638,841.121495,"[0, 3, 1, 0, 3, 0, 0, 0, 0, 0, 0, 0, 0, 0, 0]"
459,pva,50.22,15,ethylene_glycol,32.9,20,80,6.7,0.35451895,600.617229,"[0, 3, 1, 0, 3, 0, 0, 0, 0, 0, 0, 0, 0, 0, 0]"
460,pva,50.22,15,ethylene_glycol,32.9,20,70,6.7,0.414893617,925.233645,"[0, 3, 1, 0, 3, 0, 0, 0, 0, 0, 0, 0, 0, 0, 0]"
461,pva,50.22,15,ethylene_glycol,32.9,40,70,6.7,0.670212766,2551.401869,"[0, 3, 1, 0, 3, 0, 0, 0, 0, 0, 0, 0, 0, 0, 0]"
462,pva,50.22,15,ethylene_glycol,32.9,60,70,6.7,0.989361702,2242.990654,"[0, 3, 1, 0, 3, 0, 0, 0, 0, 0, 0, 0, 0, 0, 0]"
463,pva,50.22,15,ethylene_glycol,32.9,80,70,6.7,1.382978723,5495.327103,"[0, 3, 1, 0, 3, 0, 0, 0, 0, 0, 0, 0, 0, 0, 0]"
464,pva,74,100,ethylene_glycol,32.9,10,70,6.7,0.422619048,1063.333333,"[0, 3, 1, 0, 3, 0, 0, 0, 0, 0, 0, 0, 0, 0, 0]"
465,pva,74,100,ethylene_glycol,32.9,20,70,6.7,0.833333333,1200,"[0, 3, 1, 0, 3, 0, 0, 0, 0, 0, 0, 0, 0, 0, 0]"
466,pva,74,100,ethylene_glycol,32.9,30,70,6.7,1.244047619,780,"[0, 3, 1, 0, 3, 0, 0, 0, 0, 0, 0, 0, 0, 0, 0]"
467,pva,74,100,ethylene_glycol,32.9,40,70,6.7,1.398809524,706.666667,"[0, 3, 1, 0, 3, 0, 0, 0, 0, 0, 0, 0, 0, 0, 0]"
468,ppo,89,40,ethylene_glycol,32.9,5,50,0.01,0.011617647,480,"[2, 2, 0, 0, 2, 0, 0, 0, 0, 1, 1, 0, 0, 0, 0]"
469,ppo,89,40,ethylene_glycol,32.9,7,50,0.01,0.012720588,440,"[2, 2, 0, 0, 2, 0, 0, 0, 0, 1, 1, 0, 0, 0, 0]"
470,ppo,89,40,ethylene_glycol,32.9,10,50,0.01,0.015588235,400,"[2, 2, 0, 0, 2, 0, 0, 0, 0, 1, 1, 0, 0, 0, 0]"
471,ppo,89,40,ethylene_glycol,32.9,12,50,0.01,0.016176471,293.333333,"[2, 2, 0, 0, 2, 0, 0, 0, 0, 1, 1, 0, 0, 0, 0]"
472,pim-1,108.2,45,ethylene_glycol,32.9,20,30,10,0.162637362,59.216867,"[4, 4, 0, 0, 2, 3, 0, 0, 2, 3, 4, 0, 2, 0, 0]"
473,pim-1,87.8,30,ethylene_glycol,32.9,6.56,30,10,0.027333333,36.42,"[4, 4, 0, 0, 2, 3, 0, 0, 2, 3, 4, 0, 2, 0, 0]"
474,pim-1,87.8,30,ethylene_glycol,32.9,18.5,20,10,0.041666667,18.75,"[4, 4, 0, 0, 2, 3, 0, 0, 2, 3, 4, 0, 2, 0, 0]"
475,pim-1,87.8,30,ethylene_glycol,32.9,10.33,30,10,0.050666667,39.11,"[4, 4, 0, 0, 2, 3, 0, 0, 2, 3, 4, 0, 2, 0, 0]"
476,pim-1,87.8,30,ethylene_glycol,32.9,14.04,30,10,0.075,40.09,"[4, 4, 0, 0, 2, 3, 0, 0, 2, 3, 4, 0, 2, 0, 0]"
477,pim-1,87.8,30,ethylene_glycol,32.9,18.5,30,10,0.095666667,42.93,"[4, 4, 0, 0, 2, 3, 0, 0, 2, 3, 4, 0, 2, 0, 0]"
478,pim-1,87.8,30,ethylene_glycol,32.9,18.5,40,10,0.117666667,47.34,"[4, 4, 0, 0, 2, 3, 0, 0, 2, 3, 4, 0, 2, 0, 0]"
479,pim-1,87.8,30,ethylene_glycol,32.9,22.66,30,10,0.127333333,51.13,"[4, 4, 0, 0, 2, 3, 0, 0, 2, 3, 4, 0, 2, 0, 0]"
480,pim-1,87.8,30,ethylene_glycol,32.9,18.5,50,10,0.230333333,64.47,"[4, 4, 0, 0, 2, 3, 0, 0, 2, 3, 4, 0, 2, 0, 0]"
481,chitosan,55.1,160,ethylene_glycol,32.9,8,30,0.33,0.150769231,191.025641,"[0, 4, 10, 0, 6, 0, 2, 0, 0, 0, 4, 0, 0, 0, 0]"
482,chitosan,55.1,100,ethylene_glycol,32.9,8,30,0.33,0.307692308,103.846154,"[0, 4, 10, 0, 6, 0, 2, 0, 0, 0, 4, 0, 0, 0, 0]"
483,chitosan,55.1,60,ethylene_glycol,32.9,8,30,0.33,0.449230769,62.820513,"[0, 4, 10, 0, 6, 0, 2, 0, 0, 0, 4, 0, 0, 0, 0]"
484,chitosan,55.1,50,ethylene_glycol,32.9,8,30,12,0.172680412,127.731959,"[0, 4, 10, 0, 6, 0, 2, 0, 0, 0, 4, 0, 0, 0, 0]"
485,chitosan,55.1,50,ethylene_glycol,32.9,8,30,6.7,0.298969072,86.597938,"[0, 4, 10, 0, 6, 0, 2, 0, 0, 0, 4, 0, 0, 0, 0]"
486,chitosan,55.1,50,ethylene_glycol,32.9,8,30,2.6,0.371134021,73.608247,"[0, 4, 10, 0, 6, 0, 2, 0, 0, 0, 4, 0, 0, 0, 0]"
487,chitosan,55.1,50,ethylene_glycol,32.9,8,30,0.33,0.451030928,62.061856,"[0, 4, 10, 0, 6, 0, 2, 0, 0, 0, 4, 0, 0, 0, 0]"
488,chitosan,55.1,50,ethylene_glycol,32.9,3.56,30,0.13,0.378,234.26,"[0, 4, 10, 0, 6, 0, 2, 0, 0, 0, 4, 0, 0, 0, 0]"
489,chitosan,55.1,50,ethylene_glycol,32.9,7.03,30,0.13,0.45,61.674,"[0, 4, 10, 0, 6, 0, 2, 0, 0, 0, 4, 0, 0, 0, 0]"
490,chitosan,55.1,50,ethylene_glycol,32.9,12.32,30,0.13,0.567,28.318,"[0, 4, 10, 0, 6, 0, 2, 0, 0, 0, 4, 0, 0, 0, 0]"
491,chitosan,55.1,50,ethylene_glycol,32.9,24.47,30,0.13,0.702,8.077,"[0, 4, 10, 0, 6, 0, 2, 0, 0, 0, 4, 0, 0, 0, 0]"
492,chitosan,55.1,50,ethylene_glycol,32.9,35.63,30,0.13,0.819,4.18,"[0, 4, 10, 0, 6, 0, 2, 0, 0, 0, 4, 0, 0, 0, 0]"
493,chitosan,55.1,30,ethylene_glycol,32.9,8,30,0.33,0.547692308,56.410256,"[0, 4, 10, 0, 6, 0, 2, 0, 0, 0, 4, 0, 0, 0, 0]"
494,chitosan,55.1,30,ethylene_glycol,32.9,10,25,3,0.093,575,"[0, 4, 10, 0, 6, 0, 2, 0, 0, 0, 4, 0, 0, 0, 0]"
495,pva,58.9,30,ethylene_glycol,32.9,10,25,3,0.12,354,"[0, 3, 1, 0, 3, 0, 0, 0, 0, 0, 0, 0, 0, 0, 0]"
496,chitosan,55.1,30,ethylene_glycol,32.9,20,25,3,0.223076923,129.932719,"[0, 4, 10, 0, 6, 0, 2, 0, 0, 0, 4, 0, 0, 0, 0]"
497,chitosan,55.1,30,ethylene_glycol,32.9,30,25,3,0.288461538,64.229718,"[0, 4, 10, 0, 6, 0, 2, 0, 0, 0, 4, 0, 0, 0, 0]"
498,chitosan,55.1,30,ethylene_glycol,32.9,50,25,3,0.426923077,24.234824,"[0, 4, 10, 0, 6, 0, 2, 0, 0, 0, 4, 0, 0, 0, 0]"
499,chitosan,55.1,30,ethylene_glycol,32.9,70,25,3,0.588461538,2.554591,"[0, 4, 10, 0, 6, 0, 2, 0, 0, 0, 4, 0, 0, 0, 0]"
500,chitosan,55.1,30,ethylene_glycol,32.9,90,25,3,0.776923077,1.1,"[0, 4, 10, 0, 6, 0, 2, 0, 0, 0, 4, 0, 0, 0, 0]"
501,chitosan,55.1,10,ethylene_glycol,32.9,5,80,6.7,0.156521739,1288.2,"[0, 4, 10, 0, 6, 0, 2, 0, 0, 0, 4, 0, 0, 0, 0]"
502,chitosan,55.1,10,ethylene_glycol,32.9,20,30,6.7,0.264724919,4529.333333,"[0, 4, 10, 0, 6, 0, 2, 0, 0, 0, 4, 0, 0, 0, 0]"
503,chitosan,55.1,10,ethylene_glycol,32.9,20,45,6.7,0.445954693,4529.333333,"[0, 4, 10, 0, 6, 0, 2, 0, 0, 0, 4, 0, 0, 0, 0]"
504,chitosan,55.1,10,ethylene_glycol,32.9,10,80,6.7,0.614492754,1337.086957,"[0, 4, 10, 0, 6, 0, 2, 0, 0, 0, 4, 0, 0, 0, 0]"
505,chitosan,55.1,10,ethylene_glycol,32.9,20,60,6.7,0.688673139,796,"[0, 4, 10, 0, 6, 0, 2, 0, 0, 0, 4, 0, 0, 0, 0]"
506,chitosan,55.1,10,ethylene_glycol,32.9,20,80,6.7,1.125566343,796,"[0, 4, 10, 0, 6, 0, 2, 0, 0, 0, 4, 0, 0, 0, 0]"
507,chitosan,55.1,10,ethylene_glycol,32.9,20,80,6.7,1.130434783,805.411765,"[0, 4, 10, 0, 6, 0, 2, 0, 0, 0, 4, 0, 0, 0, 0]"
508,chitosan,55.1,10,ethylene_glycol,32.9,30,80,6.7,1.762318841,198.333333,"[0, 4, 10, 0, 6, 0, 2, 0, 0, 0, 4, 0, 0, 0, 0]"
509,alginate,37.37,5,acetic_acid,21.4,10,30,1.5,0.102040816,170.125428,"[1, 0, 10, 3, 7, 0, 0, 0, 0, 0, 4, 0, 0, 0, 0]"
510,alginate,37.37,5,acetic_acid,21.4,10,30,1.5,0.16123348,95.221238,"[1, 0, 10, 3, 7, 0, 0, 0, 0, 0, 4, 0, 0, 0, 0]"
511,alginate,37.37,5,acetic_acid,21.4,10,40,1.5,0.179591837,93.160277,"[1, 0, 10, 3, 7, 0, 0, 0, 0, 0, 4, 0, 0, 0, 0]"
512,alginate,37.37,5,acetic_acid,21.4,10,50,1.5,0.283673469,78.038281,"[1, 0, 10, 3, 7, 0, 0, 0, 0, 0, 4, 0, 0, 0, 0]"
513,alginate,37.37,5,acetic_acid,21.4,10,60,1.5,0.387755102,63.095734,"[1, 0, 10, 3, 7, 0, 0, 0, 0, 0, 4, 0, 0, 0, 0]"
514,alginate,37.37,40,acetic_acid,21.4,10,30,13.3,0.007318501,19.4,"[1, 0, 10, 3, 7, 0, 0, 0, 0, 0, 4, 0, 0, 0, 0]"
515,alginate,37.37,40,acetic_acid,21.4,20,30,13.3,0.024996875,16,"[1, 0, 10, 3, 7, 0, 0, 0, 0, 0, 4, 0, 0, 0, 0]"
516,alginate,37.37,40,acetic_acid,21.4,30,30,13.3,0.051647811,10.2,"[1, 0, 10, 3, 7, 0, 0, 0, 0, 0, 4, 0, 0, 0, 0]"
517,alginate,37.37,40,acetic_acid,21.4,40,30,13.3,0.065597668,7,"[1, 0, 10, 3, 7, 0, 0, 0, 0, 0, 4, 0, 0, 0, 0]"
518,alginate,37.37,40,acetic_acid,21.4,50,30,13.3,0.086507269,5,"[1, 0, 10, 3, 7, 0, 0, 0, 0, 0, 4, 0, 0, 0, 0]"
519,alginate,37.37,45,acetic_acid,21.4,10,40,2.66,0.037,38,"[1, 0, 10, 3, 7, 0, 0, 0, 0, 0, 4, 0, 0, 0, 0]"
520,alginate,37.37,45,acetic_acid,21.4,10,50,2.66,0.054,60,"[1, 0, 10, 3, 7, 0, 0, 0, 0, 0, 4, 0, 0, 0, 0]"
521,alginate,37.37,45,acetic_acid,21.4,10,60,2.66,0.092,98,"[1, 0, 10, 3, 7, 0, 0, 0, 0, 0, 4, 0, 0, 0, 0]"
522,alginate,37.37,45,acetic_acid,21.4,10,70,2.66,0.138,134,"[1, 0, 10, 3, 7, 0, 0, 0, 0, 0, 4, 0, 0, 0, 0]"
523,alginate,37.37,50,acetic_acid,21.4,10,30,13.3,0.081,22,"[1, 0, 10, 3, 7, 0, 0, 0, 0, 0, 4, 0, 0, 0, 0]"
524,alginate,37.37,50,acetic_acid,21.4,20,30,13.3,0.115,14,"[1, 0, 10, 3, 7, 0, 0, 0, 0, 0, 4, 0, 0, 0, 0]"
525,alginate,37.37,50,acetic_acid,21.4,10,40,13.3,0.154,15,"[1, 0, 10, 3, 7, 0, 0, 0, 0, 0, 4, 0, 0, 0, 0]"
526,alginate,37.37,50,acetic_acid,21.4,30,30,13.3,0.168,9,"[1, 0, 10, 3, 7, 0, 0, 0, 0, 0, 4, 0, 0, 0, 0]"
527,alginate,37.37,50,acetic_acid,21.4,10,50,13.3,0.187,13,"[1, 0, 10, 3, 7, 0, 0, 0, 0, 0, 4, 0, 0, 0, 0]"
528,alginate,37.37,50,acetic_acid,21.4,10,60,13.3,0.222,10,"[1, 0, 10, 3, 7, 0, 0, 0, 0, 0, 4, 0, 0, 0, 0]"
529,alginate,37.37,50,acetic_acid,21.4,40,30,13.3,0.234,6,"[1, 0, 10, 3, 7, 0, 0, 0, 0, 0, 4, 0, 0, 0, 0]"
530,alginate,37.37,50,acetic_acid,21.4,10,70,13.3,0.269,9,"[1, 0, 10, 3, 7, 0, 0, 0, 0, 0, 4, 0, 0, 0, 0]"
531,pva,74,35,acetic_acid,21.4,80,25,0.23,0.95,1.76,"[1, 1, 1, 1, 2, 0, 0, 0, 0, 0, 0, 0, 0, 0, 0]"
532,pva,74,35,acetic_acid,21.4,80,45,0.23,4.47,1.23,"[1, 1, 1, 1, 2, 0, 0, 0, 0, 0, 0, 0, 0, 0, 0]"
533,pva,74,35,acetic_acid,21.4,80,50,0.23,5.7,1.05,"[1, 1, 1, 1, 2, 0, 0, 0, 0, 0, 0, 0, 0, 0, 0]"
534,pva,74,50,acetic_acid,21.4,80,45,1.5,0.7859,17.775229,"[1, 1, 1, 1, 2, 0, 0, 0, 0, 0, 0, 0, 0, 0, 0]"
535,ppsu,92.2,0.549,acetic_acid,21.4,15,50,2.5,0.69,3.3,"[1, 0, 0, 1, 1, 0, 0, 0, 0, 4, 2, 0, 0, 0, 0]"
536,ppsu,92.2,0.549,acetic_acid,21.4,20,50,2.5,0.71,3.7,"[1, 0, 0, 1, 1, 0, 0, 0, 0, 4, 2, 0, 0, 0, 0]"
537,ppsu,92.2,0.549,acetic_acid,21.4,10,50,2.5,0.8,4.4,"[1, 0, 0, 1, 1, 0, 0, 0, 0, 4, 2, 0, 0, 0, 0]"
538,ppsu,92.2,0.549,acetic_acid,21.4,5,50,2.5,1.18,8.9,"[1, 0, 0, 1, 1, 0, 0, 0, 0, 4, 2, 0, 0, 0, 0]"
539,ppsu,92.2,0.308,acetic_acid,21.4,15,50,2.5,0.2,6.7,"[1, 0, 0, 1, 1, 0, 0, 0, 0, 4, 2, 0, 0, 0, 0]"
540,ppsu,92.2,0.308,acetic_acid,21.4,10,50,2.5,0.21,5.7,"[1, 0, 0, 1, 1, 0, 0, 0, 0, 4, 2, 0, 0, 0, 0]"
541,ppsu,92.2,0.308,acetic_acid,21.4,5,50,2.5,0.28,14.9,"[1, 0, 0, 1, 1, 0, 0, 0, 0, 4, 2, 0, 0, 0, 0]"
542,ppsu,92.2,0.308,acetic_acid,21.4,20,50,2.5,0.31,5.3,"[1, 0, 0, 1, 1, 0, 0, 0, 0, 4, 2, 0, 0, 0, 0]"
543,ppsu,92.2,0.227,acetic_acid,21.4,10,50,2.5,0.25,8.2,"[1, 0, 0, 1, 1, 0, 0, 0, 0, 4, 2, 0, 0, 0, 0]"
544,ppsu,92.2,0.227,acetic_acid,21.4,15,50,2.5,0.28,6.9,"[1, 0, 0, 1, 1, 0, 0, 0, 0, 4, 2, 0, 0, 0, 0]"
545,ppsu,92.2,0.227,acetic_acid,21.4,5,50,2.5,0.35,12.7,"[1, 0, 0, 1, 1, 0, 0, 0, 0, 4, 2, 0, 0, 0, 0]"
546,ppsu,92.2,0.227,acetic_acid,21.4,20,50,2.5,0.37,6.6,"[1, 0, 0, 1, 1, 0, 0, 0, 0, 4, 2, 0, 0, 0, 0]"
547,pdms,108.08219,95,acetic_acid,21.4,94.25,25,0.17,0.039485981,0.645252,"[3, 0, 0, 1, 1, 0, 0, 0, 0, 0, 1, 0, 0, 1, 0]"
548,pdms,108.08219,95,acetic_acid,21.4,94.62,25,0.17,0.045700935,0.798188,"[3, 0, 0, 1, 1, 0, 0, 0, 0, 0, 1, 0, 0, 1, 0]"
549,pdms,108.08219,95,acetic_acid,21.4,89.72,25,0.17,0.050607477,0.669786,"[3, 0, 0, 1, 1, 0, 0, 0, 0, 0, 1, 0, 0, 1, 0]"
550,pdms,108.08219,95,acetic_acid,21.4,90.09,25,0.17,0.051261682,0.660133,"[3, 0, 0, 1, 1, 0, 0, 0, 0, 0, 1, 0, 0, 1, 0]"
551,pdms,108.08219,95,acetic_acid,21.4,90,25,0.17,0.053214286,0.722543,"[3, 0, 0, 1, 1, 0, 0, 0, 0, 0, 1, 0, 0, 1, 0]"
552,pdms,108.08219,95,acetic_acid,21.4,89.97,25,0.17,0.056168224,0.639844,"[3, 0, 0, 1, 1, 0, 0, 0, 0, 0, 1, 0, 0, 1, 0]"
553,pdms,108.08219,95,acetic_acid,21.4,90,35,0.17,0.057857143,0.739645,"[3, 0, 0, 1, 1, 0, 0, 0, 0, 0, 1, 0, 0, 1, 0]"
554,pdms,108.08219,95,acetic_acid,21.4,81.42,25,0.17,0.061728972,0.569793,"[3, 0, 0, 1, 1, 0, 0, 0, 0, 0, 1, 0, 0, 1, 0]"
555,pdms,108.08219,95,acetic_acid,21.4,80.28,25,0.17,0.064345794,0.584333,"[3, 0, 0, 1, 1, 0, 0, 0, 0, 0, 1, 0, 0, 1, 0]"
556,pdms,108.08219,95,acetic_acid,21.4,70.09,25,0.17,0.064672897,0.558673,"[3, 0, 0, 1, 1, 0, 0, 0, 0, 0, 1, 0, 0, 1, 0]"
557,pdms,108.08219,95,acetic_acid,21.4,79.78,25,0.17,0.068925234,0.614106,"[3, 0, 0, 1, 1, 0, 0, 0, 0, 0, 1, 0, 0, 1, 0]"
558,pdms,108.08219,95,acetic_acid,21.4,70.72,25,0.17,0.071214953,0.55194,"[3, 0, 0, 1, 1, 0, 0, 0, 0, 0, 1, 0, 0, 1, 0]"
559,pdms,108.08219,95,acetic_acid,21.4,70.6,25,0.17,0.085607477,0.545368,"[3, 0, 0, 1, 1, 0, 0, 0, 0, 0, 1, 0, 0, 1, 0]"
560,pdms,108.08219,95,acetic_acid,21.4,90,45,0.17,0.086071429,0.717566,"[3, 0, 0, 1, 1, 0, 0, 0, 0, 0, 1, 0, 0, 1, 0]"
561,pdms,108.08219,95,acetic_acid,21.4,59.91,25,0.17,0.092476636,0.549292,"[3, 0, 0, 1, 1, 0, 0, 0, 0, 0, 1, 0, 0, 1, 0]"
562,pdms,108.08219,95,acetic_acid,21.4,60.66,25,0.17,0.09411215,0.531446,"[3, 0, 0, 1, 1, 0, 0, 0, 0, 0, 1, 0, 0, 1, 0]"
563,pdms,108.08219,95,acetic_acid,21.4,59.4,25,0.17,0.099345794,0.494707,"[3, 0, 0, 1, 1, 0, 0, 0, 0, 0, 1, 0, 0, 1, 0]"
564,pdms,108.08219,95,acetic_acid,21.4,90,55,0.17,0.116785714,0.680087,"[3, 0, 0, 1, 1, 0, 0, 0, 0, 0, 1, 0, 0, 1, 0]"
565,pbi,84,50,n-butanol,23.1,15,60,1,0.0116,5000,"[1, 3, 0, 0, 1, 0, 0, 0, 2, 3, 0, 0, 0, 0, 0]"
566,pbi,84,50,ipa,23.5,15,60,1,0.013,5000,"[2, 0, 1, 0, 1, 0, 0, 0, 2, 3, 0, 0, 0, 0, 0]"
567,ppsu,92.2,16,ethanol,26.5,15,23,1,0.004128686,558.309038,"[1, 1, 0, 0, 1, 0, 0, 0, 0, 4, 2, 0, 0, 0, 0]"
568,ppsu,92.2,16,ethanol,26.5,15,45,1,0.013699732,260.932945,"[1, 1, 0, 0, 1, 0, 0, 0, 0, 4, 2, 0, 0, 0, 0]"
569,ppsu,92.2,16,ethanol,26.5,15,60,1,0.025522788,225.947522,"[1, 1, 0, 0, 1, 0, 0, 0, 0, 4, 2, 0, 0, 0, 0]"
570,ppsu,92.2,16,ipa,23.5,15,60,1,0.026029412,1623.5,"[2, 0, 1, 0, 1, 0, 0, 0, 0, 4, 2, 0, 0, 0, 0]"
571,ppsu,92.2,16,methanol,29.6,15,60,1,0.027205882,8.561863,"[1, 0, 0, 0, 1, 0, 0, 0, 0, 4, 2, 0, 0, 0, 0]"
572,ppsu,92.2,16,n-butanol,23.1,15,60,1,0.028382353,3252.666667,"[1, 3, 0, 0, 1, 0, 0, 0, 0, 4, 2, 0, 0, 0, 0]"
573,ppsu,92.2,16,ethanol,26.5,15,75,1,0.047104558,201.457726,"[1, 1, 0, 0, 1, 0, 0, 0, 0, 4, 2, 0, 0, 0, 0]"
574,pva,74,15,ethanol,26.5,15,40,1,0.088,78.9,"[1, 2, 1, 0, 2, 0, 0, 0, 0, 0, 0, 0, 0, 0, 0]"
575,alginate,72,40,ethanol,26.5,4,30,5,0.021,55,"[1, 1, 10, 2, 7, 0, 0, 0, 0, 0, 4, 0, 0, 0, 0]"
576,chitosan,42,40,ethanol,26.5,10,80,5,0.055,152.23,"[1, 3, 10, 0, 5, 0, 2, 0, 0, 0, 4, 0, 0, 0, 0]"
577,pdms,108.08219,10,ethanol,26.5,94,40,1,0.33,0.13089,"[3, 1, 0, 0, 1, 0, 0, 0, 0, 0, 1, 0, 0, 1, 0]"
578,alginate,37.37,45,ethanol,26.5,5,50,3,0.049,560.2,"[1, 1, 10, 2, 7, 0, 0, 0, 0, 0, 4, 0, 0, 0, 0]"
579,alginate,37.37,45,ethanol,26.5,10,50,3,0.095,687.76,"[1, 1, 10, 2, 7, 0, 0, 0, 0, 0, 4, 0, 0, 0, 0]"
580,alginate,37.37,45,ethanol,26.5,15,50,3,0.174,613.78,"[1, 1, 10, 2, 7, 0, 0, 0, 0, 0, 4, 0, 0, 0, 0]"
581,alginate,37.37,45,ipa,23.5,5,50,3,0.217,1384.54,"[2, 0, 11, 2, 7, 0, 0, 0, 0, 0, 4, 0, 0, 0, 0]"
582,alginate,37.37,45,ethanol,26.5,10,40,3,0.229,289.98,"[1, 1, 10, 2, 7, 0, 0, 0, 0, 0, 4, 0, 0, 0, 0]"
583,alginate,37.37,45,ethanol,26.5,10,50,3,0.266,552,"[1, 1, 10, 2, 7, 0, 0, 0, 0, 0, 4, 0, 0, 0, 0]"
584,alginate,37.37,45,ethanol,26.5,10,60,3,0.275,1000,"[1, 1, 10, 2, 7, 0, 0, 0, 0, 0, 4, 0, 0, 0, 0]"
585,alginate,37.37,45,ethanol,26.5,10,70,3,0.297,861.95,"[1, 1, 10, 2, 7, 0, 0, 0, 0, 0, 4, 0, 0, 0, 0]"
586,alginate,37.37,45,ethanol,26.5,20,50,3,0.305,652.04,"[1, 1, 10, 2, 7, 0, 0, 0, 0, 0, 4, 0, 0, 0, 0]"
587,alginate,37.37,45,ethanol,26.5,30,50,3,0.518,509.18,"[1, 1, 10, 2, 7, 0, 0, 0, 0, 0, 4, 0, 0, 0, 0]"
588,alginate,37.37,45,ipa,23.5,10,50,3,0.722,1608.87,"[2, 0, 11, 2, 7, 0, 0, 0, 0, 0, 4, 0, 0, 0, 0]"
589,alginate,37.37,45,ipa,23.5,15,50,3,1.456,2284,"[2, 0, 11, 2, 7, 0, 0, 0, 0, 0, 4, 0, 0, 0, 0]"
590,alginate,37.37,45,ipa,23.5,20,50,3,2.228,1191.48,"[2, 0, 11, 2, 7, 0, 0, 0, 0, 0, 4, 0, 0, 0, 0]"
591,alginate,37.37,45,ipa,23.5,30,50,3,2.588,904.74,"[2, 0, 11, 2, 7, 0, 0, 0, 0, 0, 4, 0, 0, 0, 0]"
592,pan,95,40,ethanol,26.5,24.5,50,17.6,0.004,143,"[1, 2, 1, 0, 1, 0, 0, 0, 1, 0, 0, 0, 1, 0, 0]"
593,pan,95,40,ethanol,26.5,25,50,5,0.005,200,"[1, 2, 1, 0, 1, 0, 0, 0, 1, 0, 0, 0, 1, 0, 0]"
594,pan,95,40,ethanol,26.5,25,50,1,0.002,256,"[1, 2, 1, 0, 1, 0, 0, 0, 1, 0, 0, 0, 1, 0, 0]"
595,pan,95,40,ethanol,26.5,51,50,1,0.0022,103,"[1, 2, 1, 0, 1, 0, 0, 0, 1, 0, 0, 0, 1, 0, 0]"
596,pan,95,40,ethanol,26.5,25.5,50,1,0.0055,256,"[1, 2, 1, 0, 1, 0, 0, 0, 1, 0, 0, 0, 1, 0, 0]"
597,pan,95,40,ethanol,26.5,8,50,0.76,0.0007,281,"[1, 2, 1, 0, 1, 0, 0, 0, 1, 0, 0, 0, 1, 0, 0]"
598,pva,80.1,22,ethanol,26.5,30,40,3,0.3062,70.588235,"[1, 2, 1, 0, 2, 0, 0, 0, 0, 0, 0, 0, 0, 0, 0]"
599,pva,74,22,ethanol,26.5,30,25,3,0.3402,49.10828,"[1, 2, 1, 0, 2, 0, 0, 0, 0, 0, 0, 0, 0, 0, 0]"
600,pva,76.8,22,ethanol,26.5,30,40,3,0.3552,67.189542,"[1, 2, 1, 0, 2, 0, 0, 0, 0, 0, 0, 0, 0, 0, 0]"
601,pva,74,22,ethanol,26.5,30,40,3,0.3961,56.20915,"[1, 2, 1, 0, 2, 0, 0, 0, 0, 0, 0, 0, 0, 0, 0]"
602,pva,76.2,22,ethanol,26.5,30,40,3,0.3989,59.142336,"[1, 2, 1, 0, 2, 0, 0, 0, 0, 0, 0, 0, 0, 0, 0]"
603,pva,70.7,22,ethanol,26.5,30,40,3,0.4699,42.664234,"[1, 2, 1, 0, 2, 0, 0, 0, 0, 0, 0, 0, 0, 0, 0]"
604,pva,74,22,ethanol,26.5,30,50,3,0.4948,58.853503,"[1, 2, 1, 0, 2, 0, 0, 0, 0, 0, 0, 0, 0, 0, 0]"
605,pva,80.1,22,ethanol,26.5,50,40,3,0.6657,38.169935,"[1, 2, 1, 0, 2, 0, 0, 0, 0, 0, 0, 0, 0, 0, 0]"
606,pva,74,22,ethanol,26.5,50,25,3,0.8041,23.694268,"[1, 2, 1, 0, 2, 0, 0, 0, 0, 0, 0, 0, 0, 0, 0]"
607,pva,76.8,22,ethanol,26.5,50,40,3,0.8291,33.72549,"[1, 2, 1, 0, 2, 0, 0, 0, 0, 0, 0, 0, 0, 0, 0]"
608,pva,76.2,22,ethanol,26.5,50,40,3,0.929,31.678832,"[1, 2, 1, 0, 2, 0, 0, 0, 0, 0, 0, 0, 0, 0, 0]"
609,pva,80.1,22,ethanol,26.5,60,40,3,0.9353,26.928105,"[1, 2, 1, 0, 2, 0, 0, 0, 0, 0, 0, 0, 0, 0, 0]"
610,pva,74,22,ethanol,26.5,50,40,3,0.968,29.803922,"[1, 2, 1, 0, 2, 0, 0, 0, 0, 0, 0, 0, 0, 0, 0]"
611,pva,70.7,22,ethanol,26.5,50,40,3,1.0656,25.930657,"[1, 2, 1, 0, 2, 0, 0, 0, 0, 0, 0, 0, 0, 0, 0]"
612,pva,74,22,ethanol,26.5,50,50,3,1.0722,29.808917,"[1, 2, 1, 0, 2, 0, 0, 0, 0, 0, 0, 0, 0, 0, 0]"
613,pva,74,22,ethanol,26.5,60,25,3,1.1031,17.197452,"[1, 2, 1, 0, 2, 0, 0, 0, 0, 0, 0, 0, 0, 0, 0]"
614,pva,76.8,22,ethanol,26.5,60,40,3,1.2212,23.79085,"[1, 2, 1, 0, 2, 0, 0, 0, 0, 0, 0, 0, 0, 0, 0]"
615,pva,76.2,22,ethanol,26.5,60,40,3,1.2295,24.014599,"[1, 2, 1, 0, 2, 0, 0, 0, 0, 0, 0, 0, 0, 0, 0]"
616,pva,70.7,22,ethanol,26.5,60,40,3,1.3388,19.79927,"[1, 2, 1, 0, 2, 0, 0, 0, 0, 0, 0, 0, 0, 0, 0]"
617,pva,74,22,ethanol,26.5,60,40,3,1.352,19.869281,"[1, 2, 1, 0, 2, 0, 0, 0, 0, 0, 0, 0, 0, 0, 0]"
618,pva,80.1,22,ethanol,26.5,70,40,3,1.352,19.084967,"[1, 2, 1, 0, 2, 0, 0, 0, 0, 0, 0, 0, 0, 0, 0]"
619,pva,74,22,ethanol,26.5,70,25,3,1.433,12.420382,"[1, 2, 1, 0, 2, 0, 0, 0, 0, 0, 0, 0, 0, 0, 0]"
620,pva,76.8,22,ethanol,26.5,70,40,3,1.5644,16.993464,"[1, 2, 1, 0, 2, 0, 0, 0, 0, 0, 0, 0, 0, 0, 0]"
621,pva,76.2,22,ethanol,26.5,70,40,3,1.5683,17.372263,"[1, 2, 1, 0, 2, 0, 0, 0, 0, 0, 0, 0, 0, 0, 0]"
622,pva,74,22,ethanol,26.5,60,50,3,1.6804,22.929936,"[1, 2, 1, 0, 2, 0, 0, 0, 0, 0, 0, 0, 0, 0, 0]"
623,pva,74,22,ethanol,26.5,80,25,3,1.7526,9.745223,"[1, 2, 1, 0, 2, 0, 0, 0, 0, 0, 0, 0, 0, 0, 0]"
624,pva,80.1,22,ethanol,26.5,80,40,3,1.7686,12.026144,"[1, 2, 1, 0, 2, 0, 0, 0, 0, 0, 0, 0, 0, 0, 0]"
625,pva,74,22,ethanol,26.5,70,40,3,1.8422,12.026144,"[1, 2, 1, 0, 2, 0, 0, 0, 0, 0, 0, 0, 0, 0, 0]"
626,pva,70.7,22,ethanol,26.5,70,40,3,1.847,14.306569,"[1, 2, 1, 0, 2, 0, 0, 0, 0, 0, 0, 0, 0, 0, 0]"
627,pva,76.2,22,ethanol,26.5,80,40,3,1.918,11.113139,"[1, 2, 1, 0, 2, 0, 0, 0, 0, 0, 0, 0, 0, 0, 0]"
628,pva,74,22,ethanol,26.5,90,25,3,1.9691,4.968153,"[1, 2, 1, 0, 2, 0, 0, 0, 0, 0, 0, 0, 0, 0, 0]"
629,pva,76.8,22,ethanol,26.5,80,40,3,1.981,11.24183,"[1, 2, 1, 0, 2, 0, 0, 0, 0, 0, 0, 0, 0, 0, 0]"
630,pva,80.1,22,ethanol,26.5,90,40,3,2.1444,6.27451,"[1, 2, 1, 0, 2, 0, 0, 0, 0, 0, 0, 0, 0, 0, 0]"
631,pva,76.2,22,ethanol,26.5,90,40,3,2.1585,6.770073,"[1, 2, 1, 0, 2, 0, 0, 0, 0, 0, 0, 0, 0, 0, 0]"
632,pva,76.8,22,ethanol,26.5,90,40,3,2.2507,6.27451,"[1, 2, 1, 0, 2, 0, 0, 0, 0, 0, 0, 0, 0, 0, 0]"
633,pva,74,22,ethanol,26.5,80,40,3,2.2833,9.150327,"[1, 2, 1, 0, 2, 0, 0, 0, 0, 0, 0, 0, 0, 0, 0]"
634,pva,70.7,22,ethanol,26.5,80,40,3,2.4208,9.708029,"[1, 2, 1, 0, 2, 0, 0, 0, 0, 0, 0, 0, 0, 0, 0]"
635,pva,74,22,ethanol,26.5,70,50,3,2.4433,13.375796,"[1, 2, 1, 0, 2, 0, 0, 0, 0, 0, 0, 0, 0, 0, 0]"
636,pva,74,22,ethanol,26.5,90,40,3,2.4549,5.228758,"[1, 2, 1, 0, 2, 0, 0, 0, 0, 0, 0, 0, 0, 0, 0]"
637,pva,70.7,22,ethanol,26.5,90,40,3,2.7158,5.109489,"[1, 2, 1, 0, 2, 0, 0, 0, 0, 0, 0, 0, 0, 0, 0]"
638,pva,74,22,ethanol,26.5,80,50,3,2.9897,10.509554,"[1, 2, 1, 0, 2, 0, 0, 0, 0, 0, 0, 0, 0, 0, 0]"
639,pva,74,22,ethanol,26.5,90,50,3,3.2577,5.541401,"[1, 2, 1, 0, 2, 0, 0, 0, 0, 0, 0, 0, 0, 0, 0]"
640,chitosan,55.1,18,ethanol,26.5,15,50,10,0.28,203.69,"[1, 3, 10, 0, 5, 0, 2, 0, 0, 0, 4, 0, 0, 0, 0]"
641,pdms,108.08219,200,ethanol,26.5,90,25,2,0.041,0.108578,"[3, 1, 0, 0, 1, 0, 0, 0, 0, 0, 1, 0, 0, 1, 0]"
642,ptmsp,100,84.43,ethanol,26.5,95,50,0.04,0.3041,0.041137,"[5, 1, 0, 0, 1, 0, 0, 0, 0, 0, 0, 1, 0, 1, 0]"
643,ptmsp,100,79.72,ethanol,26.5,95,50,0.04,0.3594,0.042361,"[5, 1, 0, 0, 1, 0, 0, 0, 0, 0, 0, 1, 0, 1, 0]"
644,ptmsp,100,44.34,ethanol,26.5,95,50,0.04,0.6359,0.041256,"[5, 1, 0, 0, 1, 0, 0, 0, 0, 0, 0, 1, 0, 1, 0]"
645,ptmsp,100,32.55,ethanol,26.5,95,50,0.04,0.8295,0.041497,"[5, 1, 0, 0, 1, 0, 0, 0, 0, 0, 0, 1, 0, 1, 0]"
646,ptmsp,100,15.8,ethanol,26.5,95,50,0.04,1.7213,0.0449,"[5, 1, 0, 0, 1, 0, 0, 0, 0, 0, 0, 1, 0, 1, 0]"
647,ptmsp,100,14.96,ethanol,26.5,95,50,0.04,1.5246,0.044806,"[5, 1, 0, 0, 1, 0, 0, 0, 0, 0, 0, 1, 0, 1, 0]"
648,ptmsp,100,8.15,ethanol,26.5,95,50,0.04,2.6557,0.044975,"[5, 1, 0, 0, 1, 0, 0, 0, 0, 0, 0, 1, 0, 1, 0]"
649,ptmsp,100,7.82,ethanol,26.5,95,50,0.04,2.459,0.047861,"[5, 1, 0, 0, 1, 0, 0, 0, 0, 0, 0, 1, 0, 1, 0]"
650,ptmsp,100,4.37,ethanol,26.5,95,50,0.04,3.9344,0.048641,"[5, 1, 0, 0, 1, 0, 0, 0, 0, 0, 0, 1, 0, 1, 0]"
651,ptmsp,100,4.37,ethanol,26.5,95,50,0.04,4.0328,0.053673,"[5, 1, 0, 0, 1, 0, 0, 0, 0, 0, 0, 1, 0, 1, 0]"
652,pdms,108.08219,4,ethanol,26.5,95,50,0.04,1.3,0.140845,"[3, 1, 0, 0, 1, 0, 0, 0, 0, 0, 1, 0, 0, 1, 0]"
653,pdms,108.08219,4,ethanol,26.5,95,50,0.04,2.6,0.149254,"[3, 1, 0, 0, 1, 0, 0, 0, 0, 0, 1, 0, 0, 1, 0]"
654,ptmsp,100,2.35,ethanol,26.5,95,50,0.04,5.2623,0.052263,"[5, 1, 0, 0, 1, 0, 0, 0, 0, 0, 0, 1, 0, 1, 0]"
655,ptmsp,100,2.02,ethanol,26.5,95,50,0.04,4.6721,0.066174,"[5, 1, 0, 0, 1, 0, 0, 0, 0, 0, 0, 1, 0, 1, 0]"
656,ptmsp,100,1.93,ethanol,26.5,95,50,0.04,4.9672,0.071743,"[5, 1, 0, 0, 1, 0, 0, 0, 0, 0, 0, 1, 0, 1, 0]"
657,ptmsp,100,1.43,ethanol,26.5,95,50,0.04,5.9508,0.064043,"[5, 1, 0, 0, 1, 0, 0, 0, 0, 0, 0, 1, 0, 1, 0]"
658,pdms,108.08219,100,ethanol,26.5,95,50,4,0.0967,0.123977,"[3, 1, 0, 0, 1, 0, 0, 0, 0, 0, 1, 0, 0, 1, 0]"
659,pdms,108.08219,120,ethanol,26.5,94,40,1,0.027,0.114943,"[3, 1, 0, 0, 1, 0, 0, 0, 0, 0, 1, 0, 0, 1, 0]"
660,pva,69.6,40,ethanol,26.5,10,40,3.5,0.0791,519.756839,"[1, 2, 1, 0, 2, 0, 0, 0, 0, 0, 0, 0, 0, 0, 0]"
661,pva,69.6,40,ethanol,26.5,10,50,3.5,0.086,395.744681,"[1, 2, 1, 0, 2, 0, 0, 0, 0, 0, 0, 0, 0, 0, 0]"
662,pva,69.6,40,ethanol,26.5,10,60,3.5,0.1146,211.550152,"[1, 2, 1, 0, 2, 0, 0, 0, 0, 0, 0, 0, 0, 0, 0]"
663,pva,69.6,40,ethanol,26.5,10,70,3.5,0.1308,164.133739,"[1, 2, 1, 0, 2, 0, 0, 0, 0, 0, 0, 0, 0, 0, 0]"
664,pdms,103.72,8.9,ethanol,26.5,95,40,1,0.3812,0.175258,"[3, 1, 0, 0, 1, 0, 0, 0, 0, 0, 1, 0, 0, 1, 0]"
665,chitosan,41.21,25,ethanol,26.5,10,80,1,0.0548,158.2938,"[1, 3, 10, 0, 5, 0, 2, 0, 0, 0, 4, 0, 0, 0, 0]"
666,alginate,38.74,28,ethanol,26.5,3,25,3,0.1504,64.779874,"[1, 1, 10, 2, 7, 0, 0, 0, 0, 0, 4, 0, 0, 0, 0]"
667,alginate,31.43,28,ethanol,26.5,3,25,3,0.1698,27.044025,"[1, 1, 10, 2, 7, 0, 0, 0, 0, 0, 4, 0, 0, 0, 0]"
668,alginate,55.57,28,ethanol,26.5,3,25,3,0.2589,23.27044,"[1, 1, 10, 2, 7, 0, 0, 0, 0, 0, 4, 0, 0, 0, 0]"
669,alginate,34.04,28,ethanol,26.5,3,25,3,0.2705,55.974843,"[1, 1, 10, 2, 7, 0, 0, 0, 0, 0, 4, 0, 0, 0, 0]"
670,pva,59,45,ethanol,26.5,30,22,0.3,0.0322,214.507772,"[1, 2, 1, 0, 2, 0, 0, 0, 0, 0, 0, 0, 0, 0, 0]"
671,pva,59,45,ethanol,26.5,50,22,0.3,0.1074,55.958549,"[1, 2, 1, 0, 2, 0, 0, 0, 0, 0, 0, 0, 0, 0, 0]"
672,pva,70,45,ethanol,26.5,30,22,0.3,0.1202,9.326425,"[1, 2, 1, 0, 2, 0, 0, 0, 0, 0, 0, 0, 0, 0, 0]"
673,pva,59,45,ethanol,26.5,70,22,0.3,0.1868,9.326425,"[1, 2, 1, 0, 2, 0, 0, 0, 0, 0, 0, 0, 0, 0, 0]"
674,chitosan,55.1,30,ethanol,26.5,10,25,1,0.319,309,"[1, 3, 10, 0, 5, 0, 2, 0, 0, 0, 4, 0, 0, 0, 0]"
675,pdms,108.08219,9.5,ethanol,26.5,94,30,3,0.6523,0.121368,"[3, 1, 0, 0, 1, 0, 0, 0, 0, 0, 1, 0, 0, 1, 0]"
676,pdms,108.08219,9.5,ethanol,26.5,94,40,3,0.9112,0.123478,"[3, 1, 0, 0, 1, 0, 0, 0, 0, 0, 1, 0, 0, 1, 0]"
677,pdms,108.08219,9.5,ethanol,26.5,94,50,3,1.3071,0.118006,"[3, 1, 0, 0, 1, 0, 0, 0, 0, 0, 1, 0, 0, 1, 0]"
678,pdms,108.08219,9.5,ethanol,26.5,94,60,3,1.8706,0.114516,"[3, 1, 0, 0, 1, 0, 0, 0, 0, 0, 1, 0, 0, 1, 0]"
679,pdms,108.08219,9.5,ethanol,26.5,94,70,3,2.8299,0.121368,"[3, 1, 0, 0, 1, 0, 0, 0, 0, 0, 1, 0, 0, 1, 0]"
680,pdms,108.08219,87.5,ethanol,26.5,95,30,0.667,0.0319,0.1,"[3, 1, 0, 0, 1, 0, 0, 0, 0, 0, 1, 0, 0, 1, 0]"
681,pdms,108.08219,6,ethanol,26.5,95,30,0.667,0.625333333,0.111111,"[3, 1, 0, 0, 1, 0, 0, 0, 0, 0, 1, 0, 0, 1, 0]"
