Unnamed: 0,Polymer,Polymer_SMILES,T_K,P_Mpa,exp_CO2_sol_g_g,pred_CO2_sol_g_g,train/test,Polymer_BRICS
0,PBS,COCCCCOC(=O)CCC(C)=O,323.15,1.025,0.00984,0.00987,train,"['CC(=O)CCC=O', 'O', 'CO', 'CCCC']"
1,PBS,COCCCCOC(=O)CCC(C)=O,323.15,2.209,0.02063,0.02061,train,"['CC(=O)CCC=O', 'O', 'CO', 'CCCC']"
2,PBS,COCCCCOC(=O)CCC(C)=O,323.15,3.068,0.02826,0.02828,train,"['CC(=O)CCC=O', 'O', 'CO', 'CCCC']"
3,PBS,COCCCCOC(=O)CCC(C)=O,323.15,4.245,0.03879,0.03877,train,"['CC(=O)CCC=O', 'O', 'CO', 'CCCC']"
4,PBS,COCCCCOC(=O)CCC(C)=O,323.15,6.272,0.05681,0.05677,train,"['CC(=O)CCC=O', 'O', 'CO', 'CCCC']"
5,PBS,COCCCCOC(=O)CCC(C)=O,323.15,8.008,0.073,0.07301,train,"['CC(=O)CCC=O', 'O', 'CO', 'CCCC']"
6,PBS,COCCCCOC(=O)CCC(C)=O,323.15,10.129,0.1076,0.10754,train,"['CC(=O)CCC=O', 'O', 'CO', 'CCCC']"
7,PBS,COCCCCOC(=O)CCC(C)=O,353.15,1.148,0.00876,0.00872,train,"['CC(=O)CCC=O', 'O', 'CO', 'CCCC']"
8,PBS,COCCCCOC(=O)CCC(C)=O,353.15,2.103,0.01523,0.01524,train,"['CC(=O)CCC=O', 'O', 'CO', 'CCCC']"
9,PBS,COCCCCOC(=O)CCC(C)=O,353.15,3.158,0.02243,0.02237,train,"['CC(=O)CCC=O', 'O', 'CO', 'CCCC']"
11,PBS,COCCCCOC(=O)CCC(C)=O,353.15,6.169,0.04332,0.04339,train,"['CC(=O)CCC=O', 'O', 'CO', 'CCCC']"
12,PBS,COCCCCOC(=O)CCC(C)=O,353.15,8.05,0.05601,0.05597,train,"['CC(=O)CCC=O', 'O', 'CO', 'CCCC']"
14,PBS,COCCCCOC(=O)CCC(C)=O,393.15,8.076,0.07357,0.07352,train,"['CC(=O)CCC=O', 'O', 'CO', 'CCCC']"
15,PBS,COCCCCOC(=O)CCC(C)=O,393.15,8.928,0.0813,0.08138,train,"['CC(=O)CCC=O', 'O', 'CO', 'CCCC']"
16,PBS,COCCCCOC(=O)CCC(C)=O,393.15,12.076,0.1098,0.10978,train,"['CC(=O)CCC=O', 'O', 'CO', 'CCCC']"
17,PBS,COCCCCOC(=O)CCC(C)=O,393.15,12.606,0.1146,0.11457,train,"['CC(=O)CCC=O', 'O', 'CO', 'CCCC']"
18,PBS,COCCCCOC(=O)CCC(C)=O,393.15,16.544,0.1481,0.14815,train,"['CC(=O)CCC=O', 'O', 'CO', 'CCCC']"
19,PBS,COCCCCOC(=O)CCC(C)=O,393.15,19.987,0.1761,0.17605,train,"['CC(=O)CCC=O', 'O', 'CO', 'CCCC']"
20,PBS,COCCCCOC(=O)CCC(C)=O,423.15,2.221,0.01501,0.01509,train,"['CC(=O)CCC=O', 'O', 'CO', 'CCCC']"
21,PBS,COCCCCOC(=O)CCC(C)=O,423.15,2.935,0.01993,0.01994,train,"['CC(=O)CCC=O', 'O', 'CO', 'CCCC']"
22,PBS,COCCCCOC(=O)CCC(C)=O,423.15,4.705,0.03216,0.03214,train,"['CC(=O)CCC=O', 'O', 'CO', 'CCCC']"
23,PBS,COCCCCOC(=O)CCC(C)=O,423.15,6.035,0.04145,0.04139,train,"['CC(=O)CCC=O', 'O', 'CO', 'CCCC']"
26,PBS,COCCCCOC(=O)CCC(C)=O,423.15,8.696,0.06041,0.06036,train,"['CC(=O)CCC=O', 'O', 'CO', 'CCCC']"
27,PBS,COCCCCOC(=O)CCC(C)=O,423.15,12.036,0.08309,0.0832,train,"['CC(=O)CCC=O', 'O', 'CO', 'CCCC']"
28,PBS,COCCCCOC(=O)CCC(C)=O,423.15,12.572,0.08733,0.08725,train,"['CC(=O)CCC=O', 'O', 'CO', 'CCCC']"
30,PBS,COCCCCOC(=O)CCC(C)=O,423.15,16.541,0.1139,0.11388,train,"['CC(=O)CCC=O', 'O', 'CO', 'CCCC']"
31,PBS,COCCCCOC(=O)CCC(C)=O,423.15,20.095,0.1355,0.13556,train,"['CC(=O)CCC=O', 'O', 'CO', 'CCCC']"
32,PBS,COCCCCOC(=O)CCC(C)=O,453.15,2.133,0.01192,0.01188,train,"['CC(=O)CCC=O', 'O', 'CO', 'CCCC']"
33,PBS,COCCCCOC(=O)CCC(C)=O,453.15,2.798,0.01566,0.0157,train,"['CC(=O)CCC=O', 'O', 'CO', 'CCCC']"
34,PBS,COCCCCOC(=O)CCC(C)=O,453.15,4.627,0.02604,0.02609,train,"['CC(=O)CCC=O', 'O', 'CO', 'CCCC']"
36,PBS,COCCCCOC(=O)CCC(C)=O,453.15,8.037,0.04534,0.0454,train,"['CC(=O)CCC=O', 'O', 'CO', 'CCCC']"
37,PBS,COCCCCOC(=O)CCC(C)=O,453.15,8.57,0.0484,0.04844,train,"['CC(=O)CCC=O', 'O', 'CO', 'CCCC']"
38,PBS,COCCCCOC(=O)CCC(C)=O,453.15,12.007,0.0683,0.06821,train,"['CC(=O)CCC=O', 'O', 'CO', 'CCCC']"
39,PBS,COCCCCOC(=O)CCC(C)=O,453.15,12.592,0.07153,0.07161,train,"['CC(=O)CCC=O', 'O', 'CO', 'CCCC']"
40,PBS,COCCCCOC(=O)CCC(C)=O,453.15,16.071,0.09082,0.0909,train,"['CC(=O)CCC=O', 'O', 'CO', 'CCCC']"
41,PBS,COCCCCOC(=O)CCC(C)=O,453.15,16.574,0.09367,0.09363,train,"['CC(=O)CCC=O', 'O', 'CO', 'CCCC']"
42,PBS,COCCCCOC(=O)CCC(C)=O,453.15,20.144,0.1126,0.11255,train,"['CC(=O)CCC=O', 'O', 'CO', 'CCCC']"
43,PBSA,COCCCCOC(=O)CCCCC(=O)OCCCCOC(=O)CCC(C)=O,323.15,1.098,0.01259,0.01259,train,"['CC(=O)CCC=O', 'O=CCCCCC=O', 'O', 'CO', 'CCCC']"
44,PBSA,COCCCCOC(=O)CCCCC(=O)OCCCCOC(=O)CCC(C)=O,323.15,2.097,0.02418,0.02416,train,"['CC(=O)CCC=O', 'O=CCCCCC=O', 'O', 'CO', 'CCCC']"
45,PBSA,COCCCCOC(=O)CCCCC(=O)OCCCCOC(=O)CCC(C)=O,323.15,3.065,0.03559,0.0356,train,"['CC(=O)CCC=O', 'O=CCCCCC=O', 'O', 'CO', 'CCCC']"
47,PBSA,COCCCCOC(=O)CCCCC(=O)OCCCCOC(=O)CCC(C)=O,323.15,7.87,0.1036,0.10359,train,"['CC(=O)CCC=O', 'O=CCCCCC=O', 'O', 'CO', 'CCCC']"
48,PBSA,COCCCCOC(=O)CCCCC(=O)OCCCCOC(=O)CCC(C)=O,393.15,2.082,0.01839,0.01839,train,"['CC(=O)CCC=O', 'O=CCCCCC=O', 'O', 'CO', 'CCCC']"
49,PBSA,COCCCCOC(=O)CCCCC(=O)OCCCCOC(=O)CCC(C)=O,393.15,2.581,0.02285,0.02286,train,"['CC(=O)CCC=O', 'O=CCCCCC=O', 'O', 'CO', 'CCCC']"
50,PBSA,COCCCCOC(=O)CCCCC(=O)OCCCCOC(=O)CCC(C)=O,393.15,4.028,0.03591,0.0359,train,"['CC(=O)CCC=O', 'O=CCCCCC=O', 'O', 'CO', 'CCCC']"
51,PBSA,COCCCCOC(=O)CCCCC(=O)OCCCCOC(=O)CCC(C)=O,393.15,4.61,0.04122,0.04122,train,"['CC(=O)CCC=O', 'O=CCCCCC=O', 'O', 'CO', 'CCCC']"
53,PBSA,COCCCCOC(=O)CCCCC(=O)OCCCCOC(=O)CCC(C)=O,393.15,6.681,0.0602,0.06019,train,"['CC(=O)CCC=O', 'O=CCCCCC=O', 'O', 'CO', 'CCCC']"
54,PBSA,COCCCCOC(=O)CCCCC(=O)OCCCCOC(=O)CCC(C)=O,393.15,11.997,0.1084,0.1084,train,"['CC(=O)CCC=O', 'O=CCCCCC=O', 'O', 'CO', 'CCCC']"
55,PBSA,COCCCCOC(=O)CCCCC(=O)OCCCCOC(=O)CCC(C)=O,393.15,12.46,0.1127,0.11271,train,"['CC(=O)CCC=O', 'O=CCCCCC=O', 'O', 'CO', 'CCCC']"
56,PBSA,COCCCCOC(=O)CCCCC(=O)OCCCCOC(=O)CCC(C)=O,393.15,16.024,0.1423,0.14233,train,"['CC(=O)CCC=O', 'O=CCCCCC=O', 'O', 'CO', 'CCCC']"
57,PBSA,COCCCCOC(=O)CCCCC(=O)OCCCCOC(=O)CCC(C)=O,393.15,16.548,0.1467,0.14668,train,"['CC(=O)CCC=O', 'O=CCCCCC=O', 'O', 'CO', 'CCCC']"
60,PBSA,COCCCCOC(=O)CCCCC(=O)OCCCCOC(=O)CCC(C)=O,423.15,2.676,0.01851,0.0185,train,"['CC(=O)CCC=O', 'O=CCCCCC=O', 'O', 'CO', 'CCCC']"
61,PBSA,COCCCCOC(=O)CCCCC(=O)OCCCCOC(=O)CCC(C)=O,423.15,4.118,0.02863,0.02863,train,"['CC(=O)CCC=O', 'O=CCCCCC=O', 'O', 'CO', 'CCCC']"
62,PBSA,COCCCCOC(=O)CCCCC(=O)OCCCCOC(=O)CCC(C)=O,423.15,4.684,0.03263,0.03264,train,"['CC(=O)CCC=O', 'O=CCCCCC=O', 'O', 'CO', 'CCCC']"
63,PBSA,COCCCCOC(=O)CCCCC(=O)OCCCCOC(=O)CCC(C)=O,423.15,6.098,0.04264,0.04262,train,"['CC(=O)CCC=O', 'O=CCCCCC=O', 'O', 'CO', 'CCCC']"
64,PBSA,COCCCCOC(=O)CCCCC(=O)OCCCCOC(=O)CCC(C)=O,423.15,6.7,0.04692,0.04693,train,"['CC(=O)CCC=O', 'O=CCCCCC=O', 'O', 'CO', 'CCCC']"
65,PBSA,COCCCCOC(=O)CCCCC(=O)OCCCCOC(=O)CCC(C)=O,423.15,8.177,0.05749,0.0575,train,"['CC(=O)CCC=O', 'O=CCCCCC=O', 'O', 'CO', 'CCCC']"
66,PBSA,COCCCCOC(=O)CCCCC(=O)OCCCCOC(=O)CCC(C)=O,423.15,8.699,0.06117,0.06118,train,"['CC(=O)CCC=O', 'O=CCCCCC=O', 'O', 'CO', 'CCCC']"
67,PBSA,COCCCCOC(=O)CCCCC(=O)OCCCCOC(=O)CCC(C)=O,423.15,12.314,0.08649,0.08649,train,"['CC(=O)CCC=O', 'O=CCCCCC=O', 'O', 'CO', 'CCCC']"
68,PBSA,COCCCCOC(=O)CCCCC(=O)OCCCCOC(=O)CCC(C)=O,423.15,16.027,0.1115,0.11146,train,"['CC(=O)CCC=O', 'O=CCCCCC=O', 'O', 'CO', 'CCCC']"
69,PBSA,COCCCCOC(=O)CCCCC(=O)OCCCCOC(=O)CCC(C)=O,423.15,16.572,0.115,0.11502,train,"['CC(=O)CCC=O', 'O=CCCCCC=O', 'O', 'CO', 'CCCC']"
70,PBSA,COCCCCOC(=O)CCCCC(=O)OCCCCOC(=O)CCC(C)=O,453.15,4.126,0.02357,0.02359,train,"['CC(=O)CCC=O', 'O=CCCCCC=O', 'O', 'CO', 'CCCC']"
72,PBSA,COCCCCOC(=O)CCCCC(=O)OCCCCOC(=O)CCC(C)=O,453.15,6.07,0.03485,0.03485,train,"['CC(=O)CCC=O', 'O=CCCCCC=O', 'O', 'CO', 'CCCC']"
73,PBSA,COCCCCOC(=O)CCCCC(=O)OCCCCOC(=O)CCC(C)=O,453.15,8.259,0.04763,0.04761,train,"['CC(=O)CCC=O', 'O=CCCCCC=O', 'O', 'CO', 'CCCC']"
74,PBSA,COCCCCOC(=O)CCCCC(=O)OCCCCOC(=O)CCC(C)=O,453.15,8.973,0.0515,0.05149,train,"['CC(=O)CCC=O', 'O=CCCCCC=O', 'O', 'CO', 'CCCC']"
75,PBSA,COCCCCOC(=O)CCCCC(=O)OCCCCOC(=O)CCC(C)=O,453.15,12.009,0.0692,0.06922,train,"['CC(=O)CCC=O', 'O=CCCCCC=O', 'O', 'CO', 'CCCC']"
76,PBSA,COCCCCOC(=O)CCCCC(=O)OCCCCOC(=O)CCC(C)=O,453.15,12.766,0.07349,0.07349,train,"['CC(=O)CCC=O', 'O=CCCCCC=O', 'O', 'CO', 'CCCC']"
78,HDPE,CCCC,433.2,11.066,0.0747,0.07469,train,['CCCC']
79,HDPE,CCCC,433.2,13.644,0.0975,0.09751,train,['CCCC']
80,HDPE,CCCC,433.2,15.286,0.1142,0.11419,train,['CCCC']
81,HDPE,CCCC,433.2,17.453,0.132,0.13199,train,['CCCC']
82,HDPE,CCCC,453.2,11.326,0.0671,0.0671,train,['CCCC']
83,HDPE,CCCC,453.2,14.013,0.089,0.08899,train,['CCCC']
84,HDPE,CCCC,453.2,15.762,0.1005,0.10049,train,['CCCC']
85,HDPE,CCCC,453.2,16.896,0.1094,0.10941,train,['CCCC']
86,HDPE,CCCC,453.2,18.123,0.1198,0.1198,train,['CCCC']
88,HDPE,CCCC,473.2,10.731,0.0551,0.05511,train,['CCCC']
89,HDPE,CCCC,473.2,13.344,0.0746,0.07458,train,['CCCC']
90,HDPE,CCCC,473.2,15.034,0.0873,0.0873,train,['CCCC']
91,PBS,COCCCCOC(=O)CCC(C)=O,353.15,10.451,0.0725,0.09054,test,"['CC(=O)CCC=O', 'O', 'CO', 'CCCC']"
92,PBS,COCCCCOC(=O)CCC(C)=O,393.15,2.351,0.02174,0.02088,test,"['CC(=O)CCC=O', 'O', 'CO', 'CCCC']"
93,PBS,COCCCCOC(=O)CCC(C)=O,393.15,2.947,0.02708,0.02719,test,"['CC(=O)CCC=O', 'O', 'CO', 'CCCC']"
94,PBS,COCCCCOC(=O)CCC(C)=O,393.15,4.725,0.04308,0.03993,test,"['CC(=O)CCC=O', 'O', 'CO', 'CCCC']"
95,PBS,COCCCCOC(=O)CCC(C)=O,393.15,6.06,0.05521,0.04903,test,"['CC(=O)CCC=O', 'O', 'CO', 'CCCC']"
96,PBS,COCCCCOC(=O)CCC(C)=O,393.15,6.599,0.06014,0.05455,test,"['CC(=O)CCC=O', 'O', 'CO', 'CCCC']"
97,PBS,COCCCCOC(=O)CCC(C)=O,393.15,16.035,0.144,0.12873,test,"['CC(=O)CCC=O', 'O', 'CO', 'CCCC']"
99,PBS,COCCCCOC(=O)CCC(C)=O,453.15,4.132,0.02315,0.02655,test,"['CC(=O)CCC=O', 'O', 'CO', 'CCCC']"
101,PBSA,COCCCCOC(=O)CCCCC(=O)OCCCCOC(=O)CCC(C)=O,323.15,6.016,0.07364,0.06266,test,"['CC(=O)CCC=O', 'O=CCCCCC=O', 'O', 'CO', 'CCCC']"
102,PBSA,COCCCCOC(=O)CCCCC(=O)OCCCCOC(=O)CCC(C)=O,323.15,9.844,0.1503,0.11252,test,"['CC(=O)CCC=O', 'O=CCCCCC=O', 'O', 'CO', 'CCCC']"
103,PBSA,COCCCCOC(=O)CCCCC(=O)OCCCCOC(=O)CCC(C)=O,393.15,8.053,0.0728,0.07409,test,"['CC(=O)CCC=O', 'O=CCCCCC=O', 'O', 'CO', 'CCCC']"
104,PBSA,COCCCCOC(=O)CCCCC(=O)OCCCCOC(=O)CCC(C)=O,393.15,8.63,0.07814,0.07685,test,"['CC(=O)CCC=O', 'O=CCCCCC=O', 'O', 'CO', 'CCCC']"
105,PBSA,COCCCCOC(=O)CCCCC(=O)OCCCCOC(=O)CCC(C)=O,423.15,20.074,0.1374,0.12956,test,"['CC(=O)CCC=O', 'O=CCCCCC=O', 'O', 'CO', 'CCCC']"
107,PBSA,COCCCCOC(=O)CCCCC(=O)OCCCCOC(=O)CCC(C)=O,453.15,2.6,0.01483,0.01096,test,"['CC(=O)CCC=O', 'O=CCCCCC=O', 'O', 'CO', 'CCCC']"
108,PBSA,COCCCCOC(=O)CCCCC(=O)OCCCCOC(=O)CCC(C)=O,453.15,6.628,0.03809,0.04067,test,"['CC(=O)CCC=O', 'O=CCCCCC=O', 'O', 'CO', 'CCCC']"
109,PBSA,COCCCCOC(=O)CCCCC(=O)OCCCCOC(=O)CCC(C)=O,453.15,16.139,0.09235,0.10597,test,"['CC(=O)CCC=O', 'O=CCCCCC=O', 'O', 'CO', 'CCCC']"
110,HDPE,CCCC,433.2,6.936,0.0407,0.04243,test,['CCCC']
111,HDPE,CCCC,433.2,16.347,0.123,0.12307,test,['CCCC']
113,HDPE,CCCC,473.2,17.019,0.1033,0.10766,test,['CCCC']
114,PLGA,COC(=O)COC(=O)C(C)C,308.0,11.92,0.1968,0.16525,test,"['CO', 'CC(C)C=O', 'O', 'CC=O']"
115,PLGA,COC(=O)COC(=O)C(C)C,308.0,21.44,0.2754,0.27987,test,"['CO', 'CC(C)C=O', 'O', 'CC=O']"
116,PLGA,COC(=O)COC(=O)C(C)C,313.0,10.22,0.0945,0.14775,test,"['CO', 'CC(C)C=O', 'O', 'CC=O']"
117,PLGA,COC(=O)COC(=O)C(C)C,313.0,22.99,0.2636,0.25098,test,"['CO', 'CC(C)C=O', 'O', 'CC=O']"
119,PLLA,COC(=O)[C@H](C)C,308.0,12.12,0.3575,0.33174,test,"['CO', 'CC(C)C=O']"
120,PLLA,COC(=O)[C@H](C)C,308.0,20.92,0.4139,0.40167,test,"['CO', 'CC(C)C=O']"
121,PLLA,COC(=O)[C@H](C)C,313.0,10.44,0.245,0.2366,test,"['CO', 'CC(C)C=O']"
122,PLLA,COC(=O)[C@H](C)C,313.0,22.98,0.4051,0.40961,test,"['CO', 'CC(C)C=O']"
123,PLLA,COC(=O)[C@H](C)C,323.0,17.84,0.3538,0.36054,test,"['CO', 'CC(C)C=O']"
124,CPE55,C1=CC(=CC(=C1)C(=O)O)C(=O)O.C1=CC(=CC=C1C(=O)O)C(=O)O.C(CCC(=O)O)CC(=O)O.C(CO)O.CC(C)(CO)CO.CCC(CO)(CO)CO,306.0,4.68,0.0643,0.04529,test,"['O=CO', 'c1ccccc1', 'c1ccccc1']"
126,CPE55,C1=CC(=CC(=C1)C(=O)O)C(=O)O.C1=CC(=CC=C1C(=O)O)C(=O)O.C(CCC(=O)O)CC(=O)O.C(CO)O.CC(C)(CO)CO.CCC(CO)(CO)CO,306.0,31.02,0.6366,0.6155,test,"['O=CO', 'c1ccccc1', 'c1ccccc1']"
127,CPE55,C1=CC(=CC(=C1)C(=O)O)C(=O)O.C1=CC(=CC=C1C(=O)O)C(=O)O.C(CCC(=O)O)CC(=O)O.C(CO)O.CC(C)(CO)CO.CCC(CO)(CO)CO,343.0,0.18,0.0191,0.01619,test,"['O=CO', 'c1ccccc1', 'c1ccccc1']"
128,CPE55,C1=CC(=CC(=C1)C(=O)O)C(=O)O.C1=CC(=CC=C1C(=O)O)C(=O)O.C(CCC(=O)O)CC(=O)O.C(CO)O.CC(C)(CO)CO.CCC(CO)(CO)CO,343.0,2.41,0.0385,0.04658,test,"['O=CO', 'c1ccccc1', 'c1ccccc1']"
130,CPE60,C1=CC(=CC(=C1)C(=O)O)C(=O)O.C1=CC(=CC=C1C(=O)O)C(=O)O.C(CCC(=O)O)CC(=O)O.CC(C)(CO)CO.CCC(CO)(CO)CO,306.2,4.09,0.0498,0.04539,test,"['O=CO', 'c1ccccc1', 'c1ccccc1']"
132,CPE60,C1=CC(=CC(=C1)C(=O)O)C(=O)O.C1=CC(=CC=C1C(=O)O)C(=O)O.C(CCC(=O)O)CC(=O)O.CC(C)(CO)CO.CCC(CO)(CO)CO,306.2,10.15,0.1509,0.20559,test,"['O=CO', 'c1ccccc1', 'c1ccccc1']"
133,CPE60,C1=CC(=CC(=C1)C(=O)O)C(=O)O.C1=CC(=CC=C1C(=O)O)C(=O)O.C(CCC(=O)O)CC(=O)O.CC(C)(CO)CO.CCC(CO)(CO)CO,306.2,25.26,0.5467,0.55336,test,"['O=CO', 'c1ccccc1', 'c1ccccc1']"
134,CPE60,C1=CC(=CC(=C1)C(=O)O)C(=O)O.C1=CC(=CC=C1C(=O)O)C(=O)O.C(CCC(=O)O)CC(=O)O.CC(C)(CO)CO.CCC(CO)(CO)CO,344.0,15.19,0.2184,0.29166,test,"['O=CO', 'c1ccccc1', 'c1ccccc1']"
135,CPE60,C1=CC(=CC(=C1)C(=O)O)C(=O)O.C1=CC(=CC=C1C(=O)O)C(=O)O.C(CCC(=O)O)CC(=O)O.CC(C)(CO)CO.CCC(CO)(CO)CO,344.0,20.11,0.3652,0.39427,test,"['O=CO', 'c1ccccc1', 'c1ccccc1']"
136,CPE67,C1=CC(=CC(=C1)C(=O)O)C(=O)O.C1=CC(=CC=C1C(=O)O)C(=O)O.C(CCC(=O)O)CC(=O)O.C(CO)O.CC(C)(CO)CO.CCC(CO)(CO)CO,309.2,0.13,0.0049,0.00999,test,"['O=CO', 'c1ccccc1', 'c1ccccc1']"
137,CPE67,C1=CC(=CC(=C1)C(=O)O)C(=O)O.C1=CC(=CC=C1C(=O)O)C(=O)O.C(CCC(=O)O)CC(=O)O.C(CO)O.CC(C)(CO)CO.CCC(CO)(CO)CO,309.2,0.6,0.0093,0.01199,test,"['O=CO', 'c1ccccc1', 'c1ccccc1']"
138,CPE67,C1=CC(=CC(=C1)C(=O)O)C(=O)O.C1=CC(=CC=C1C(=O)O)C(=O)O.C(CCC(=O)O)CC(=O)O.C(CO)O.CC(C)(CO)CO.CCC(CO)(CO)CO,309.2,10.38,0.1281,0.17697,test,"['O=CO', 'c1ccccc1', 'c1ccccc1']"
140,CPE67,C1=CC(=CC(=C1)C(=O)O)C(=O)O.C1=CC(=CC=C1C(=O)O)C(=O)O.C(CCC(=O)O)CC(=O)O.C(CO)O.CC(C)(CO)CO.CCC(CO)(CO)CO,309.2,31.0,0.5895,0.58258,test,"['O=CO', 'c1ccccc1', 'c1ccccc1']"
141,CPE67,C1=CC(=CC(=C1)C(=O)O)C(=O)O.C1=CC(=CC=C1C(=O)O)C(=O)O.C(CCC(=O)O)CC(=O)O.C(CO)O.CC(C)(CO)CO.CCC(CO)(CO)CO,343.3,28.14,0.4444,0.45435,test,"['O=CO', 'c1ccccc1', 'c1ccccc1']"
143,PPO(H),COc1c(C)cc(C)cc1C,373.15,11.965,0.10601,0.08541,test,"['CO', 'Cc1cc(C)cc(C)c1']"
144,PPO(H),COc1c(C)cc(C)cc1C,373.15,13.935,0.12026,0.11179,test,"['CO', 'Cc1cc(C)cc(C)c1']"
146,PPO(H),COc1c(C)cc(C)cc1C,473.15,8.085,0.03423,0.03731,test,"['CO', 'Cc1cc(C)cc(C)c1']"
147,PPO(H),COc1c(C)cc(C)cc1C,473.15,12.078,0.05263,0.0565,test,"['CO', 'Cc1cc(C)cc(C)c1']"
148,PPO(L),COc1c(C)cc(C)cc1C,373.15,8.051,0.07938,0.06808,test,"['CO', 'Cc1cc(C)cc(C)c1']"
149,PPO(L),COc1c(C)cc(C)cc1C,423.15,8.133,0.04573,0.03679,test,"['CO', 'Cc1cc(C)cc(C)c1']"
151,PPO(L),COc1c(C)cc(C)cc1C,473.15,12.122,0.05048,0.06355,test,"['CO', 'Cc1cc(C)cc(C)c1']"
152,PS,CCC(C)c1ccccc1,373.2,14.348,0.0929,0.07713,test,"['CCCC', 'c1ccccc1']"
153,PS,CCC(C)c1ccccc1,373.2,17.476,0.1104,0.10221,test,"['CCCC', 'c1ccccc1']"
154,PS,CCC(C)c1ccccc1,413.2,10.721,0.0526,0.05884,test,"['CCCC', 'c1ccccc1']"
155,PS,CCC(C)c1ccccc1,413.2,14.738,0.0713,0.07317,test,"['CCCC', 'c1ccccc1']"
156,PS,CCC(C)c1ccccc1,413.2,20.036,0.1012,0.1038,test,"['CCCC', 'c1ccccc1']"
157,PS,CCC(C)c1ccccc1,453.2,2.472,0.0094,0.00824,test,"['CCCC', 'c1ccccc1']"
158,PS,CCC(C)c1ccccc1,453.2,10.188,0.0389,0.06157,test,"['CCCC', 'c1ccccc1']"
159,PS,CCC(C)c1ccccc1,453.2,15.444,0.0596,0.06573,test,"['CCCC', 'c1ccccc1']"
160,PS,CCC(C)c1ccccc1,338.22,11.96,0.10614,0.09588,test,"['CCCC', 'c1ccccc1']"
161,PS,CCC(C)c1ccccc1,338.22,16.54,0.13902,0.12857,test,"['CCCC', 'c1ccccc1']"
162,PS,CCC(C)c1ccccc1,362.5,8.09,0.06231,0.06303,test,"['CCCC', 'c1ccccc1']"
163,PS,CCC(C)c1ccccc1,362.5,11.47,0.08762,0.07917,test,"['CCCC', 'c1ccccc1']"
165,PS,CCC(C)c1ccccc1,383.22,20.42,0.10514,0.09791,test,"['CCCC', 'c1ccccc1']"
167,PS,CCC(C)c1ccccc1,373.15,8.585,0.05329,0.06037,test,"['CCCC', 'c1ccccc1']"
168,PS,CCC(C)c1ccccc1,373.15,12.631,0.07721,0.06201,test,"['CCCC', 'c1ccccc1']"
169,PS,CCC(C)c1ccccc1,423.15,12.046,0.04963,0.06572,test,"['CCCC', 'c1ccccc1']"
170,PS,CCC(C)c1ccccc1,423.15,16.143,0.06446,0.0855,test,"['CCCC', 'c1ccccc1']"
171,PVAc,CCC(C)OC(C)=O,313.15,0.459,0.01465,0.00552,test,"['CC=O', 'O', 'CCCC']"
173,PVAc,CCC(C)OC(C)=O,313.15,5.916,0.27235,0.30903,test,"['CC=O', 'O', 'CCCC']"
174,PVAc,CCC(C)OC(C)=O,353.15,2.211,0.03992,0.0368,test,"['CC=O', 'O', 'CCCC']"
176,PVAc,CCC(C)OC(C)=O,373.15,17.449,0.29925,0.23766,test,"['CC=O', 'O', 'CCCC']"
177,PP,CCC(C)C,433.2,17.529,0.1587,0.14537,test,['CCC(C)C']
178,PP,CCC(C)C,453.2,14.889,0.1158,0.12753,test,['CCC(C)C']
179,PP,CCC(C)C,453.2,16.037,0.1324,0.13144,test,['CCC(C)C']
180,PP,CCC(C)C,353.2,5.04,0.0222,0.02822,test,['CCC(C)C']
182,PP,CCC(C)C,464.2,4.97,0.0401,0.04472,test,['CCC(C)C']
183,PP,CCC(C)C,483.7,19.93,0.1752,0.17042,test,['CCC(C)C']
184,PP,CCC(C)C,483.7,24.91,0.2429,0.23472,test,['CCC(C)C']
185,PP,CCC(C)C,373.15,4.89,0.04682,0.05042,test,['CCC(C)C']
186,PP,CCC(C)C,373.15,6.31,0.06331,0.07011,test,['CCC(C)C']
187,PP,CCC(C)C,373.15,9.08,0.09261,0.09516,test,['CCC(C)C']
188,PP,CCC(C)C,373.15,11.76,0.12503,0.10834,test,['CCC(C)C']
190,PP,CCC(C)C,398.15,5.66,0.04799,0.05782,test,['CCC(C)C']
191,PP,CCC(C)C,398.15,6.92,0.05994,0.04637,test,['CCC(C)C']
192,PP,CCC(C)C,398.15,8.1,0.07053,0.06267,test,['CCC(C)C']
193,PP,CCC(C)C,423.15,5.3,0.03768,0.02971,test,['CCC(C)C']
195,PLGA,COC(=O)COC(=O)C(C)C,308.0,15.31,0.238,0.238,train,"['CO', 'CC(C)C=O', 'O', 'CC=O']"
196,PLGA,COC(=O)COC(=O)C(C)C,308.0,18.4,0.2577,0.2577,train,"['CO', 'CC(C)C=O', 'O', 'CC=O']"
197,PLGA,COC(=O)COC(=O)C(C)C,308.0,23.11,0.2794,0.2794,train,"['CO', 'CC(C)C=O', 'O', 'CC=O']"
198,PLGA,COC(=O)COC(=O)C(C)C,308.0,26.21,0.288,0.288,train,"['CO', 'CC(C)C=O', 'O', 'CC=O']"
199,PLGA,COC(=O)COC(=O)C(C)C,308.0,29.49,0.2929,0.2929,train,"['CO', 'CC(C)C=O', 'O', 'CC=O']"
200,PLGA,COC(=O)COC(=O)C(C)C,308.0,31.47,0.2963,0.2963,train,"['CO', 'CC(C)C=O', 'O', 'CC=O']"
201,PLGA,COC(=O)COC(=O)C(C)C,313.0,12.09,0.1666,0.1666,train,"['CO', 'CC(C)C=O', 'O', 'CC=O']"
202,PLGA,COC(=O)COC(=O)C(C)C,313.0,15.3,0.2188,0.2188,train,"['CO', 'CC(C)C=O', 'O', 'CC=O']"
203,PLGA,COC(=O)COC(=O)C(C)C,313.0,18.19,0.2407,0.2407,train,"['CO', 'CC(C)C=O', 'O', 'CC=O']"
204,PLGA,COC(=O)COC(=O)C(C)C,313.0,20.61,0.2555,0.2555,train,"['CO', 'CC(C)C=O', 'O', 'CC=O']"
205,PLGA,COC(=O)COC(=O)C(C)C,313.0,25.59,0.273,0.273,train,"['CO', 'CC(C)C=O', 'O', 'CC=O']"
206,PLGA,COC(=O)COC(=O)C(C)C,313.0,28.46,0.2823,0.2823,train,"['CO', 'CC(C)C=O', 'O', 'CC=O']"
207,PLGA,COC(=O)COC(=O)C(C)C,313.0,30.7,0.2876,0.2876,train,"['CO', 'CC(C)C=O', 'O', 'CC=O']"
209,PLGA,COC(=O)COC(=O)C(C)C,323.0,15.06,0.1793,0.1793,train,"['CO', 'CC(C)C=O', 'O', 'CC=O']"
210,PLGA,COC(=O)COC(=O)C(C)C,323.0,19.3,0.2236,0.2236,train,"['CO', 'CC(C)C=O', 'O', 'CC=O']"
212,PLGA,COC(=O)COC(=O)C(C)C,323.0,24.07,0.2492,0.2492,train,"['CO', 'CC(C)C=O', 'O', 'CC=O']"
213,PLGA,COC(=O)COC(=O)C(C)C,323.0,26.44,0.2588,0.2588,train,"['CO', 'CC(C)C=O', 'O', 'CC=O']"
214,PLGA,COC(=O)COC(=O)C(C)C,323.0,28.1,0.2638,0.2638,train,"['CO', 'CC(C)C=O', 'O', 'CC=O']"
215,PLGA,COC(=O)COC(=O)C(C)C,323.0,30.29,0.2702,0.2702,train,"['CO', 'CC(C)C=O', 'O', 'CC=O']"
216,PLLA,COC(=O)[C@H](C)C,308.0,9.62,0.2851,0.28509,train,"['CO', 'CC(C)C=O']"
217,PLLA,COC(=O)[C@H](C)C,308.0,15.14,0.3874,0.38741,train,"['CO', 'CC(C)C=O']"
218,PLLA,COC(=O)[C@H](C)C,308.0,18.53,0.4062,0.40621,train,"['CO', 'CC(C)C=O']"
219,PLLA,COC(=O)[C@H](C)C,308.0,22.92,0.4199,0.41991,train,"['CO', 'CC(C)C=O']"
221,PLLA,COC(=O)[C@H](C)C,308.0,28.67,0.4264,0.42639,train,"['CO', 'CC(C)C=O']"
222,PLLA,COC(=O)[C@H](C)C,308.0,30.29,0.4301,0.43014,train,"['CO', 'CC(C)C=O']"
223,PLLA,COC(=O)[C@H](C)C,313.0,12.29,0.3258,0.32581,train,"['CO', 'CC(C)C=O']"
224,PLLA,COC(=O)[C@H](C)C,313.0,15.69,0.3698,0.36982,train,"['CO', 'CC(C)C=O']"
225,PLLA,COC(=O)[C@H](C)C,313.0,18.46,0.3864,0.38639,train,"['CO', 'CC(C)C=O']"
226,PLLA,COC(=O)[C@H](C)C,313.0,21.06,0.3985,0.3985,train,"['CO', 'CC(C)C=O']"
228,PLLA,COC(=O)[C@H](C)C,313.0,28.28,0.4174,0.41744,train,"['CO', 'CC(C)C=O']"
229,PLLA,COC(=O)[C@H](C)C,313.0,31.46,0.4228,0.42267,train,"['CO', 'CC(C)C=O']"
230,PLLA,COC(=O)[C@H](C)C,323.0,10.73,0.1652,0.16521,train,"['CO', 'CC(C)C=O']"
232,PLLA,COC(=O)[C@H](C)C,323.0,15.65,0.3294,0.32939,train,"['CO', 'CC(C)C=O']"
233,PLLA,COC(=O)[C@H](C)C,323.0,20.18,0.3718,0.37181,train,"['CO', 'CC(C)C=O']"
234,PLLA,COC(=O)[C@H](C)C,323.0,22.46,0.384,0.38398,train,"['CO', 'CC(C)C=O']"
235,PLLA,COC(=O)[C@H](C)C,323.0,25.31,0.3971,0.39711,train,"['CO', 'CC(C)C=O']"
236,PLLA,COC(=O)[C@H](C)C,323.0,27.5,0.4044,0.4044,train,"['CO', 'CC(C)C=O']"
237,PLLA,COC(=O)[C@H](C)C,323.0,29.9,0.4116,0.41158,train,"['CO', 'CC(C)C=O']"
238,CPE55,C1=CC(=CC(=C1)C(=O)O)C(=O)O.C1=CC(=CC=C1C(=O)O)C(=O)O.C(CCC(=O)O)CC(=O)O.C(CO)O.CC(C)(CO)CO.CCC(CO)(CO)CO,306.0,0.14,0.0003,0.00026,train,"['O=CO', 'c1ccccc1', 'c1ccccc1']"
239,CPE55,C1=CC(=CC(=C1)C(=O)O)C(=O)O.C1=CC(=CC=C1C(=O)O)C(=O)O.C(CCC(=O)O)CC(=O)O.C(CO)O.CC(C)(CO)CO.CCC(CO)(CO)CO,306.0,0.69,0.0068,0.00698,train,"['O=CO', 'c1ccccc1', 'c1ccccc1']"
240,CPE55,C1=CC(=CC(=C1)C(=O)O)C(=O)O.C1=CC(=CC=C1C(=O)O)C(=O)O.C(CCC(=O)O)CC(=O)O.C(CO)O.CC(C)(CO)CO.CCC(CO)(CO)CO,306.0,1.27,0.0188,0.01876,train,"['O=CO', 'c1ccccc1', 'c1ccccc1']"
241,CPE55,C1=CC(=CC(=C1)C(=O)O)C(=O)O.C1=CC(=CC=C1C(=O)O)C(=O)O.C(CCC(=O)O)CC(=O)O.C(CO)O.CC(C)(CO)CO.CCC(CO)(CO)CO,306.0,2.25,0.0362,0.03617,train,"['O=CO', 'c1ccccc1', 'c1ccccc1']"
242,CPE55,C1=CC(=CC(=C1)C(=O)O)C(=O)O.C1=CC(=CC=C1C(=O)O)C(=O)O.C(CCC(=O)O)CC(=O)O.C(CO)O.CC(C)(CO)CO.CCC(CO)(CO)CO,306.0,11.05,0.1399,0.13994,train,"['O=CO', 'c1ccccc1', 'c1ccccc1']"
243,CPE55,C1=CC(=CC(=C1)C(=O)O)C(=O)O.C1=CC(=CC=C1C(=O)O)C(=O)O.C(CCC(=O)O)CC(=O)O.C(CO)O.CC(C)(CO)CO.CCC(CO)(CO)CO,306.0,13.04,0.2194,0.21938,train,"['O=CO', 'c1ccccc1', 'c1ccccc1']"
244,CPE55,C1=CC(=CC(=C1)C(=O)O)C(=O)O.C1=CC(=CC=C1C(=O)O)C(=O)O.C(CCC(=O)O)CC(=O)O.C(CO)O.CC(C)(CO)CO.CCC(CO)(CO)CO,306.0,18.4,0.4086,0.40861,train,"['O=CO', 'c1ccccc1', 'c1ccccc1']"
246,CPE55,C1=CC(=CC(=C1)C(=O)O)C(=O)O.C1=CC(=CC=C1C(=O)O)C(=O)O.C(CCC(=O)O)CC(=O)O.C(CO)O.CC(C)(CO)CO.CCC(CO)(CO)CO,306.0,21.24,0.5037,0.50373,train,"['O=CO', 'c1ccccc1', 'c1ccccc1']"
247,CPE55,C1=CC(=CC(=C1)C(=O)O)C(=O)O.C1=CC(=CC=C1C(=O)O)C(=O)O.C(CCC(=O)O)CC(=O)O.C(CO)O.CC(C)(CO)CO.CCC(CO)(CO)CO,306.0,22.15,0.5345,0.53445,train,"['O=CO', 'c1ccccc1', 'c1ccccc1']"
248,CPE55,C1=CC(=CC(=C1)C(=O)O)C(=O)O.C1=CC(=CC=C1C(=O)O)C(=O)O.C(CCC(=O)O)CC(=O)O.C(CO)O.CC(C)(CO)CO.CCC(CO)(CO)CO,306.0,25.34,0.5878,0.58781,train,"['O=CO', 'c1ccccc1', 'c1ccccc1']"
250,CPE55,C1=CC(=CC(=C1)C(=O)O)C(=O)O.C1=CC(=CC=C1C(=O)O)C(=O)O.C(CCC(=O)O)CC(=O)O.C(CO)O.CC(C)(CO)CO.CCC(CO)(CO)CO,343.0,0.69,0.0237,0.02359,train,"['O=CO', 'c1ccccc1', 'c1ccccc1']"
251,CPE55,C1=CC(=CC(=C1)C(=O)O)C(=O)O.C1=CC(=CC=C1C(=O)O)C(=O)O.C(CCC(=O)O)CC(=O)O.C(CO)O.CC(C)(CO)CO.CCC(CO)(CO)CO,343.0,1.3,0.0299,0.02996,train,"['O=CO', 'c1ccccc1', 'c1ccccc1']"
252,CPE55,C1=CC(=CC(=C1)C(=O)O)C(=O)O.C1=CC(=CC=C1C(=O)O)C(=O)O.C(CCC(=O)O)CC(=O)O.C(CO)O.CC(C)(CO)CO.CCC(CO)(CO)CO,343.0,4.76,0.0553,0.05532,train,"['O=CO', 'c1ccccc1', 'c1ccccc1']"
253,CPE55,C1=CC(=CC(=C1)C(=O)O)C(=O)O.C1=CC(=CC=C1C(=O)O)C(=O)O.C(CCC(=O)O)CC(=O)O.C(CO)O.CC(C)(CO)CO.CCC(CO)(CO)CO,343.0,10.37,0.0984,0.09831,train,"['O=CO', 'c1ccccc1', 'c1ccccc1']"
254,CPE55,C1=CC(=CC(=C1)C(=O)O)C(=O)O.C1=CC(=CC=C1C(=O)O)C(=O)O.C(CCC(=O)O)CC(=O)O.C(CO)O.CC(C)(CO)CO.CCC(CO)(CO)CO,343.0,13.47,0.1556,0.15564,train,"['O=CO', 'c1ccccc1', 'c1ccccc1']"
256,CPE55,C1=CC(=CC(=C1)C(=O)O)C(=O)O.C1=CC(=CC=C1C(=O)O)C(=O)O.C(CCC(=O)O)CC(=O)O.C(CO)O.CC(C)(CO)CO.CCC(CO)(CO)CO,343.0,19.0,0.3214,0.32143,train,"['O=CO', 'c1ccccc1', 'c1ccccc1']"
257,CPE55,C1=CC(=CC(=C1)C(=O)O)C(=O)O.C1=CC(=CC=C1C(=O)O)C(=O)O.C(CCC(=O)O)CC(=O)O.C(CO)O.CC(C)(CO)CO.CCC(CO)(CO)CO,343.0,23.62,0.3957,0.39566,train,"['O=CO', 'c1ccccc1', 'c1ccccc1']"
258,CPE55,C1=CC(=CC(=C1)C(=O)O)C(=O)O.C1=CC(=CC=C1C(=O)O)C(=O)O.C(CCC(=O)O)CC(=O)O.C(CO)O.CC(C)(CO)CO.CCC(CO)(CO)CO,343.0,25.67,0.4149,0.41494,train,"['O=CO', 'c1ccccc1', 'c1ccccc1']"
259,CPE55,C1=CC(=CC(=C1)C(=O)O)C(=O)O.C1=CC(=CC=C1C(=O)O)C(=O)O.C(CCC(=O)O)CC(=O)O.C(CO)O.CC(C)(CO)CO.CCC(CO)(CO)CO,343.0,25.98,0.4189,0.41887,train,"['O=CO', 'c1ccccc1', 'c1ccccc1']"
260,CPE55,C1=CC(=CC(=C1)C(=O)O)C(=O)O.C1=CC(=CC=C1C(=O)O)C(=O)O.C(CCC(=O)O)CC(=O)O.C(CO)O.CC(C)(CO)CO.CCC(CO)(CO)CO,343.0,29.05,0.4461,0.44614,train,"['O=CO', 'c1ccccc1', 'c1ccccc1']"
261,CPE55,C1=CC(=CC(=C1)C(=O)O)C(=O)O.C1=CC(=CC=C1C(=O)O)C(=O)O.C(CCC(=O)O)CC(=O)O.C(CO)O.CC(C)(CO)CO.CCC(CO)(CO)CO,343.0,31.02,0.4636,0.46357,train,"['O=CO', 'c1ccccc1', 'c1ccccc1']"
262,CPE60,C1=CC(=CC(=C1)C(=O)O)C(=O)O.C1=CC(=CC=C1C(=O)O)C(=O)O.C(CCC(=O)O)CC(=O)O.CC(C)(CO)CO.CCC(CO)(CO)CO,306.2,0.14,0.0023,0.00236,train,"['O=CO', 'c1ccccc1', 'c1ccccc1']"
263,CPE60,C1=CC(=CC(=C1)C(=O)O)C(=O)O.C1=CC(=CC=C1C(=O)O)C(=O)O.C(CCC(=O)O)CC(=O)O.CC(C)(CO)CO.CCC(CO)(CO)CO,306.2,0.5,0.004,0.00415,train,"['O=CO', 'c1ccccc1', 'c1ccccc1']"
265,CPE60,C1=CC(=CC(=C1)C(=O)O)C(=O)O.C1=CC(=CC=C1C(=O)O)C(=O)O.C(CCC(=O)O)CC(=O)O.CC(C)(CO)CO.CCC(CO)(CO)CO,306.2,1.99,0.0272,0.02712,train,"['O=CO', 'c1ccccc1', 'c1ccccc1']"
266,CPE60,C1=CC(=CC(=C1)C(=O)O)C(=O)O.C1=CC(=CC=C1C(=O)O)C(=O)O.C(CCC(=O)O)CC(=O)O.CC(C)(CO)CO.CCC(CO)(CO)CO,306.2,12.04,0.2723,0.27217,train,"['O=CO', 'c1ccccc1', 'c1ccccc1']"
267,CPE60,C1=CC(=CC(=C1)C(=O)O)C(=O)O.C1=CC(=CC=C1C(=O)O)C(=O)O.C(CCC(=O)O)CC(=O)O.CC(C)(CO)CO.CCC(CO)(CO)CO,306.2,14.89,0.3694,0.3694,train,"['O=CO', 'c1ccccc1', 'c1ccccc1']"
268,CPE60,C1=CC(=CC(=C1)C(=O)O)C(=O)O.C1=CC(=CC=C1C(=O)O)C(=O)O.C(CCC(=O)O)CC(=O)O.CC(C)(CO)CO.CCC(CO)(CO)CO,306.2,17.88,0.4535,0.4533,train,"['O=CO', 'c1ccccc1', 'c1ccccc1']"
269,CPE60,C1=CC(=CC(=C1)C(=O)O)C(=O)O.C1=CC(=CC=C1C(=O)O)C(=O)O.C(CCC(=O)O)CC(=O)O.CC(C)(CO)CO.CCC(CO)(CO)CO,306.2,19.8,0.4887,0.48853,train,"['O=CO', 'c1ccccc1', 'c1ccccc1']"
270,CPE60,C1=CC(=CC(=C1)C(=O)O)C(=O)O.C1=CC(=CC=C1C(=O)O)C(=O)O.C(CCC(=O)O)CC(=O)O.CC(C)(CO)CO.CCC(CO)(CO)CO,306.2,22.73,0.5316,0.5317,train,"['O=CO', 'c1ccccc1', 'c1ccccc1']"
271,CPE60,C1=CC(=CC(=C1)C(=O)O)C(=O)O.C1=CC(=CC=C1C(=O)O)C(=O)O.C(CCC(=O)O)CC(=O)O.CC(C)(CO)CO.CCC(CO)(CO)CO,306.2,28.05,0.5613,0.56072,train,"['O=CO', 'c1ccccc1', 'c1ccccc1']"
272,CPE60,C1=CC(=CC(=C1)C(=O)O)C(=O)O.C1=CC(=CC=C1C(=O)O)C(=O)O.C(CCC(=O)O)CC(=O)O.CC(C)(CO)CO.CCC(CO)(CO)CO,306.2,29.88,0.5684,0.5686,train,"['O=CO', 'c1ccccc1', 'c1ccccc1']"
274,CPE60,C1=CC(=CC(=C1)C(=O)O)C(=O)O.C1=CC(=CC=C1C(=O)O)C(=O)O.C(CCC(=O)O)CC(=O)O.CC(C)(CO)CO.CCC(CO)(CO)CO,344.0,0.56,0.0033,0.00338,train,"['O=CO', 'c1ccccc1', 'c1ccccc1']"
275,CPE60,C1=CC(=CC(=C1)C(=O)O)C(=O)O.C1=CC(=CC=C1C(=O)O)C(=O)O.C(CCC(=O)O)CC(=O)O.CC(C)(CO)CO.CCC(CO)(CO)CO,344.0,1.06,0.0092,0.00903,train,"['O=CO', 'c1ccccc1', 'c1ccccc1']"
276,CPE60,C1=CC(=CC(=C1)C(=O)O)C(=O)O.C1=CC(=CC=C1C(=O)O)C(=O)O.C(CCC(=O)O)CC(=O)O.CC(C)(CO)CO.CCC(CO)(CO)CO,344.0,2.02,0.0165,0.01653,train,"['O=CO', 'c1ccccc1', 'c1ccccc1']"
277,CPE60,C1=CC(=CC(=C1)C(=O)O)C(=O)O.C1=CC(=CC=C1C(=O)O)C(=O)O.C(CCC(=O)O)CC(=O)O.CC(C)(CO)CO.CCC(CO)(CO)CO,344.0,3.98,0.0361,0.03619,train,"['O=CO', 'c1ccccc1', 'c1ccccc1']"
279,CPE60,C1=CC(=CC(=C1)C(=O)O)C(=O)O.C1=CC(=CC=C1C(=O)O)C(=O)O.C(CCC(=O)O)CC(=O)O.CC(C)(CO)CO.CCC(CO)(CO)CO,344.0,10.33,0.1421,0.1421,train,"['O=CO', 'c1ccccc1', 'c1ccccc1']"
280,CPE60,C1=CC(=CC(=C1)C(=O)O)C(=O)O.C1=CC(=CC=C1C(=O)O)C(=O)O.C(CCC(=O)O)CC(=O)O.CC(C)(CO)CO.CCC(CO)(CO)CO,344.0,12.07,0.1626,0.16269,train,"['O=CO', 'c1ccccc1', 'c1ccccc1']"
281,CPE60,C1=CC(=CC(=C1)C(=O)O)C(=O)O.C1=CC(=CC=C1C(=O)O)C(=O)O.C(CCC(=O)O)CC(=O)O.CC(C)(CO)CO.CCC(CO)(CO)CO,344.0,18.1,0.314,0.3141,train,"['O=CO', 'c1ccccc1', 'c1ccccc1']"
282,CPE60,C1=CC(=CC(=C1)C(=O)O)C(=O)O.C1=CC(=CC=C1C(=O)O)C(=O)O.C(CCC(=O)O)CC(=O)O.CC(C)(CO)CO.CCC(CO)(CO)CO,344.0,23.31,0.4154,0.41526,train,"['O=CO', 'c1ccccc1', 'c1ccccc1']"
283,CPE60,C1=CC(=CC(=C1)C(=O)O)C(=O)O.C1=CC(=CC=C1C(=O)O)C(=O)O.C(CCC(=O)O)CC(=O)O.CC(C)(CO)CO.CCC(CO)(CO)CO,344.0,24.95,0.4351,0.43537,train,"['O=CO', 'c1ccccc1', 'c1ccccc1']"
284,CPE60,C1=CC(=CC(=C1)C(=O)O)C(=O)O.C1=CC(=CC=C1C(=O)O)C(=O)O.C(CCC(=O)O)CC(=O)O.CC(C)(CO)CO.CCC(CO)(CO)CO,344.0,28.13,0.4671,0.46712,train,"['O=CO', 'c1ccccc1', 'c1ccccc1']"
285,CPE60,C1=CC(=CC(=C1)C(=O)O)C(=O)O.C1=CC(=CC=C1C(=O)O)C(=O)O.C(CCC(=O)O)CC(=O)O.CC(C)(CO)CO.CCC(CO)(CO)CO,344.0,29.91,0.4833,0.48324,train,"['O=CO', 'c1ccccc1', 'c1ccccc1']"
286,CPE67,C1=CC(=CC(=C1)C(=O)O)C(=O)O.C1=CC(=CC=C1C(=O)O)C(=O)O.C(CCC(=O)O)CC(=O)O.C(CO)O.CC(C)(CO)CO.CCC(CO)(CO)CO,309.2,0.99,0.0105,0.0105,train,"['O=CO', 'c1ccccc1', 'c1ccccc1']"
287,CPE67,C1=CC(=CC(=C1)C(=O)O)C(=O)O.C1=CC(=CC=C1C(=O)O)C(=O)O.C(CCC(=O)O)CC(=O)O.C(CO)O.CC(C)(CO)CO.CCC(CO)(CO)CO,309.2,2.19,0.0303,0.0303,train,"['O=CO', 'c1ccccc1', 'c1ccccc1']"
288,CPE67,C1=CC(=CC(=C1)C(=O)O)C(=O)O.C1=CC(=CC=C1C(=O)O)C(=O)O.C(CCC(=O)O)CC(=O)O.C(CO)O.CC(C)(CO)CO.CCC(CO)(CO)CO,309.2,4.1,0.0416,0.0416,train,"['O=CO', 'c1ccccc1', 'c1ccccc1']"
289,CPE67,C1=CC(=CC(=C1)C(=O)O)C(=O)O.C1=CC(=CC=C1C(=O)O)C(=O)O.C(CCC(=O)O)CC(=O)O.C(CO)O.CC(C)(CO)CO.CCC(CO)(CO)CO,309.2,5.22,0.0748,0.0748,train,"['O=CO', 'c1ccccc1', 'c1ccccc1']"
290,CPE67,C1=CC(=CC(=C1)C(=O)O)C(=O)O.C1=CC(=CC=C1C(=O)O)C(=O)O.C(CCC(=O)O)CC(=O)O.C(CO)O.CC(C)(CO)CO.CCC(CO)(CO)CO,309.2,12.42,0.2278,0.2278,train,"['O=CO', 'c1ccccc1', 'c1ccccc1']"
291,CPE67,C1=CC(=CC(=C1)C(=O)O)C(=O)O.C1=CC(=CC=C1C(=O)O)C(=O)O.C(CCC(=O)O)CC(=O)O.C(CO)O.CC(C)(CO)CO.CCC(CO)(CO)CO,309.2,18.01,0.359,0.359,train,"['O=CO', 'c1ccccc1', 'c1ccccc1']"
292,CPE67,C1=CC(=CC(=C1)C(=O)O)C(=O)O.C1=CC(=CC=C1C(=O)O)C(=O)O.C(CCC(=O)O)CC(=O)O.C(CO)O.CC(C)(CO)CO.CCC(CO)(CO)CO,309.2,21.35,0.4458,0.4458,train,"['O=CO', 'c1ccccc1', 'c1ccccc1']"
293,CPE67,C1=CC(=CC(=C1)C(=O)O)C(=O)O.C1=CC(=CC=C1C(=O)O)C(=O)O.C(CCC(=O)O)CC(=O)O.C(CO)O.CC(C)(CO)CO.CCC(CO)(CO)CO,309.2,23.53,0.4838,0.4838,train,"['O=CO', 'c1ccccc1', 'c1ccccc1']"
294,CPE67,C1=CC(=CC(=C1)C(=O)O)C(=O)O.C1=CC(=CC=C1C(=O)O)C(=O)O.C(CCC(=O)O)CC(=O)O.C(CO)O.CC(C)(CO)CO.CCC(CO)(CO)CO,309.2,26.05,0.5436,0.5436,train,"['O=CO', 'c1ccccc1', 'c1ccccc1']"
295,CPE67,C1=CC(=CC(=C1)C(=O)O)C(=O)O.C1=CC(=CC=C1C(=O)O)C(=O)O.C(CCC(=O)O)CC(=O)O.C(CO)O.CC(C)(CO)CO.CCC(CO)(CO)CO,309.2,28.73,0.5812,0.5812,train,"['O=CO', 'c1ccccc1', 'c1ccccc1']"
297,CPE67,C1=CC(=CC(=C1)C(=O)O)C(=O)O.C1=CC(=CC=C1C(=O)O)C(=O)O.C(CCC(=O)O)CC(=O)O.C(CO)O.CC(C)(CO)CO.CCC(CO)(CO)CO,343.3,0.62,0.0031,0.0031,train,"['O=CO', 'c1ccccc1', 'c1ccccc1']"
298,CPE67,C1=CC(=CC(=C1)C(=O)O)C(=O)O.C1=CC(=CC=C1C(=O)O)C(=O)O.C(CCC(=O)O)CC(=O)O.C(CO)O.CC(C)(CO)CO.CCC(CO)(CO)CO,343.3,1.3,0.0093,0.0093,train,"['O=CO', 'c1ccccc1', 'c1ccccc1']"
299,CPE67,C1=CC(=CC(=C1)C(=O)O)C(=O)O.C1=CC(=CC=C1C(=O)O)C(=O)O.C(CCC(=O)O)CC(=O)O.C(CO)O.CC(C)(CO)CO.CCC(CO)(CO)CO,343.3,1.96,0.0138,0.0138,train,"['O=CO', 'c1ccccc1', 'c1ccccc1']"
301,CPE67,C1=CC(=CC(=C1)C(=O)O)C(=O)O.C1=CC(=CC=C1C(=O)O)C(=O)O.C(CCC(=O)O)CC(=O)O.C(CO)O.CC(C)(CO)CO.CCC(CO)(CO)CO,343.3,11.62,0.1296,0.1296,train,"['O=CO', 'c1ccccc1', 'c1ccccc1']"
302,CPE67,C1=CC(=CC(=C1)C(=O)O)C(=O)O.C1=CC(=CC=C1C(=O)O)C(=O)O.C(CCC(=O)O)CC(=O)O.C(CO)O.CC(C)(CO)CO.CCC(CO)(CO)CO,343.3,14.8,0.2071,0.2071,train,"['O=CO', 'c1ccccc1', 'c1ccccc1']"
304,CPE67,C1=CC(=CC(=C1)C(=O)O)C(=O)O.C1=CC(=CC=C1C(=O)O)C(=O)O.C(CCC(=O)O)CC(=O)O.C(CO)O.CC(C)(CO)CO.CCC(CO)(CO)CO,343.3,18.43,0.3163,0.3163,train,"['O=CO', 'c1ccccc1', 'c1ccccc1']"
305,CPE67,C1=CC(=CC(=C1)C(=O)O)C(=O)O.C1=CC(=CC=C1C(=O)O)C(=O)O.C(CCC(=O)O)CC(=O)O.C(CO)O.CC(C)(CO)CO.CCC(CO)(CO)CO,343.3,20.27,0.3487,0.3487,train,"['O=CO', 'c1ccccc1', 'c1ccccc1']"
306,CPE67,C1=CC(=CC(=C1)C(=O)O)C(=O)O.C1=CC(=CC=C1C(=O)O)C(=O)O.C(CCC(=O)O)CC(=O)O.C(CO)O.CC(C)(CO)CO.CCC(CO)(CO)CO,343.3,22.21,0.383,0.383,train,"['O=CO', 'c1ccccc1', 'c1ccccc1']"
307,CPE67,C1=CC(=CC(=C1)C(=O)O)C(=O)O.C1=CC(=CC=C1C(=O)O)C(=O)O.C(CCC(=O)O)CC(=O)O.C(CO)O.CC(C)(CO)CO.CCC(CO)(CO)CO,343.3,25.0,0.4151,0.4151,train,"['O=CO', 'c1ccccc1', 'c1ccccc1']"
308,CPE67,C1=CC(=CC(=C1)C(=O)O)C(=O)O.C1=CC(=CC=C1C(=O)O)C(=O)O.C(CCC(=O)O)CC(=O)O.C(CO)O.CC(C)(CO)CO.CCC(CO)(CO)CO,343.3,30.43,0.4623,0.4623,train,"['O=CO', 'c1ccccc1', 'c1ccccc1']"
309,PPO(H),COc1c(C)cc(C)cc1C,373.15,2.058,0.03583,0.03675,train,"['CO', 'Cc1cc(C)cc(C)c1']"
310,PPO(H),COc1c(C)cc(C)cc1C,373.15,4.003,0.05389,0.05327,train,"['CO', 'Cc1cc(C)cc(C)c1']"
311,PPO(H),COc1c(C)cc(C)cc1C,373.15,6.095,0.06887,0.06965,train,"['CO', 'Cc1cc(C)cc(C)c1']"
312,PPO(H),COc1c(C)cc(C)cc1C,373.15,8.1,0.08128,0.08098,train,"['CO', 'Cc1cc(C)cc(C)c1']"
313,PPO(H),COc1c(C)cc(C)cc1C,373.15,15.993,0.13747,0.13592,train,"['CO', 'Cc1cc(C)cc(C)c1']"
315,PPO(H),COc1c(C)cc(C)cc1C,373.15,20.006,0.17442,0.17455,train,"['CO', 'Cc1cc(C)cc(C)c1']"
316,PPO(H),COc1c(C)cc(C)cc1C,423.15,1.983,0.01508,0.01508,train,"['CO', 'Cc1cc(C)cc(C)c1']"
317,PPO(H),COc1c(C)cc(C)cc1C,423.15,4.105,0.02725,0.02755,train,"['CO', 'Cc1cc(C)cc(C)c1']"
318,PPO(H),COc1c(C)cc(C)cc1C,423.15,8.056,0.04548,0.04536,train,"['CO', 'Cc1cc(C)cc(C)c1']"
319,PPO(H),COc1c(C)cc(C)cc1C,423.15,10.061,0.05595,0.05556,train,"['CO', 'Cc1cc(C)cc(C)c1']"
320,PPO(H),COc1c(C)cc(C)cc1C,423.15,12.108,0.06812,0.06845,train,"['CO', 'Cc1cc(C)cc(C)c1']"
321,PPO(H),COc1c(C)cc(C)cc1C,423.15,14.078,0.0796,0.08012,train,"['CO', 'Cc1cc(C)cc(C)c1']"
322,PPO(H),COc1c(C)cc(C)cc1C,423.15,16.098,0.09099,0.09131,train,"['CO', 'Cc1cc(C)cc(C)c1']"
323,PPO(H),COc1c(C)cc(C)cc1C,423.15,18.076,0.10252,0.1007,train,"['CO', 'Cc1cc(C)cc(C)c1']"
324,PPO(H),COc1c(C)cc(C)cc1C,423.15,20.076,0.11434,0.11357,train,"['CO', 'Cc1cc(C)cc(C)c1']"
325,PPO(H),COc1c(C)cc(C)cc1C,473.15,2.179,0.00704,0.00665,train,"['CO', 'Cc1cc(C)cc(C)c1']"
327,PPO(H),COc1c(C)cc(C)cc1C,473.15,6.174,0.02525,0.02587,train,"['CO', 'Cc1cc(C)cc(C)c1']"
328,PPO(H),COc1c(C)cc(C)cc1C,473.15,10.082,0.04312,0.04357,train,"['CO', 'Cc1cc(C)cc(C)c1']"
329,PPO(H),COc1c(C)cc(C)cc1C,473.15,14.063,0.06182,0.06084,train,"['CO', 'Cc1cc(C)cc(C)c1']"
330,PPO(H),COc1c(C)cc(C)cc1C,473.15,16.032,0.07073,0.07065,train,"['CO', 'Cc1cc(C)cc(C)c1']"
331,PPO(H),COc1c(C)cc(C)cc1C,473.15,18.106,0.08111,0.0819,train,"['CO', 'Cc1cc(C)cc(C)c1']"
332,PPO(H),COc1c(C)cc(C)cc1C,473.15,20.208,0.09038,0.0911,train,"['CO', 'Cc1cc(C)cc(C)c1']"
333,PPO(L),COc1c(C)cc(C)cc1C,373.15,2.125,0.0298,0.0298,train,"['CO', 'Cc1cc(C)cc(C)c1']"
334,PPO(L),COc1c(C)cc(C)cc1C,373.15,4.118,0.04904,0.04904,train,"['CO', 'Cc1cc(C)cc(C)c1']"
335,PPO(L),COc1c(C)cc(C)cc1C,373.15,6.098,0.06498,0.06498,train,"['CO', 'Cc1cc(C)cc(C)c1']"
336,PPO(L),COc1c(C)cc(C)cc1C,373.15,12.043,0.11084,0.11084,train,"['CO', 'Cc1cc(C)cc(C)c1']"
337,PPO(L),COc1c(C)cc(C)cc1C,373.15,16.023,0.14338,0.14338,train,"['CO', 'Cc1cc(C)cc(C)c1']"
339,PPO(L),COc1c(C)cc(C)cc1C,423.15,2.15,0.01459,0.01459,train,"['CO', 'Cc1cc(C)cc(C)c1']"
340,PPO(L),COc1c(C)cc(C)cc1C,423.15,4.15,0.02612,0.02612,train,"['CO', 'Cc1cc(C)cc(C)c1']"
341,PPO(L),COc1c(C)cc(C)cc1C,423.15,6.04,0.0354,0.0354,train,"['CO', 'Cc1cc(C)cc(C)c1']"
342,PPO(L),COc1c(C)cc(C)cc1C,423.15,12.121,0.06753,0.06753,train,"['CO', 'Cc1cc(C)cc(C)c1']"
343,PPO(L),COc1c(C)cc(C)cc1C,423.15,16.077,0.09072,0.09072,train,"['CO', 'Cc1cc(C)cc(C)c1']"
344,PPO(L),COc1c(C)cc(C)cc1C,473.15,2.097,0.00877,0.00877,train,"['CO', 'Cc1cc(C)cc(C)c1']"
346,PPO(L),COc1c(C)cc(C)cc1C,473.15,8.048,0.03237,0.03237,train,"['CO', 'Cc1cc(C)cc(C)c1']"
347,PPO(L),COc1c(C)cc(C)cc1C,473.15,16.072,0.06398,0.06398,train,"['CO', 'Cc1cc(C)cc(C)c1']"
348,PS,CCC(C)c1ccccc1,373.15,2.627,0.01613,0.01613,train,"['CCCC', 'c1ccccc1']"
349,PS,CCC(C)c1ccccc1,373.15,16.059,0.09868,0.09868,train,"['CCCC', 'c1ccccc1']"
350,PS,CCC(C)c1ccccc1,423.15,4.073,0.01709,0.01709,train,"['CCCC', 'c1ccccc1']"
351,PS,CCC(C)c1ccccc1,423.15,8.071,0.0338,0.0338,train,"['CCCC', 'c1ccccc1']"
352,PS,CCC(C)c1ccccc1,423.15,12.593,0.05179,0.05179,train,"['CCCC', 'c1ccccc1']"
353,PS,CCC(C)c1ccccc1,473.15,2.884,0.00948,0.00948,train,"['CCCC', 'c1ccccc1']"
354,PS,CCC(C)c1ccccc1,473.15,4.795,0.01573,0.01573,train,"['CCCC', 'c1ccccc1']"
356,PS,CCC(C)c1ccccc1,473.15,12.659,0.04129,0.04129,train,"['CCCC', 'c1ccccc1']"
357,PS,CCC(C)c1ccccc1,373.2,3.617,0.0226,0.0226,train,"['CCCC', 'c1ccccc1']"
358,PS,CCC(C)c1ccccc1,373.2,5.86,0.0359,0.0359,train,"['CCCC', 'c1ccccc1']"
359,PS,CCC(C)c1ccccc1,373.2,7.921,0.0484,0.0484,train,"['CCCC', 'c1ccccc1']"
361,PS,CCC(C)c1ccccc1,373.2,15.908,0.1,0.1,train,"['CCCC', 'c1ccccc1']"
362,PS,CCC(C)c1ccccc1,373.2,18.554,0.1157,0.1157,train,"['CCCC', 'c1ccccc1']"
364,PS,CCC(C)c1ccccc1,413.2,11.594,0.0602,0.0602,train,"['CCCC', 'c1ccccc1']"
365,PS,CCC(C)c1ccccc1,413.2,11.994,0.058,0.058,train,"['CCCC', 'c1ccccc1']"
366,PS,CCC(C)c1ccccc1,413.2,14.316,0.0727,0.0727,train,"['CCCC', 'c1ccccc1']"
367,PS,CCC(C)c1ccccc1,413.2,16.11,0.0833,0.0833,train,"['CCCC', 'c1ccccc1']"
369,PS,CCC(C)c1ccccc1,413.2,18.097,0.0931,0.0931,train,"['CCCC', 'c1ccccc1']"
370,PS,CCC(C)c1ccccc1,413.2,19.739,0.1048,0.1048,train,"['CCCC', 'c1ccccc1']"
373,PS,CCC(C)c1ccccc1,453.2,14.379,0.057,0.057,train,"['CCCC', 'c1ccccc1']"
375,PS,CCC(C)c1ccccc1,338.22,3.71,0.03714,0.03714,train,"['CCCC', 'c1ccccc1']"
377,PS,CCC(C)c1ccccc1,338.22,10.25,0.0951,0.0951,train,"['CCCC', 'c1ccccc1']"
378,PS,CCC(C)c1ccccc1,338.22,18.33,0.14661,0.14661,train,"['CCCC', 'c1ccccc1']"
379,PS,CCC(C)c1ccccc1,338.22,24.52,0.1562,0.1562,train,"['CCCC', 'c1ccccc1']"
380,PS,CCC(C)c1ccccc1,362.5,4.3,0.03763,0.03763,train,"['CCCC', 'c1ccccc1']"
381,PS,CCC(C)c1ccccc1,362.5,14.15,0.10218,0.10218,train,"['CCCC', 'c1ccccc1']"
382,PS,CCC(C)c1ccccc1,362.5,16.5,0.1214,0.1214,train,"['CCCC', 'c1ccccc1']"
384,PS,CCC(C)c1ccccc1,362.5,21.6,0.1388,0.1388,train,"['CCCC', 'c1ccccc1']"
385,PS,CCC(C)c1ccccc1,362.5,24.65,0.14535,0.14535,train,"['CCCC', 'c1ccccc1']"
386,PS,CCC(C)c1ccccc1,383.22,11.04,0.05807,0.05807,train,"['CCCC', 'c1ccccc1']"
387,PS,CCC(C)c1ccccc1,383.22,14.51,0.0742,0.0742,train,"['CCCC', 'c1ccccc1']"
388,PS,CCC(C)c1ccccc1,383.22,17.66,0.09269,0.09269,train,"['CCCC', 'c1ccccc1']"
389,PS,CCC(C)c1ccccc1,383.22,23.55,0.11636,0.11636,train,"['CCCC', 'c1ccccc1']"
390,PS,CCC(C)c1ccccc1,383.22,27.03,0.12311,0.12311,train,"['CCCC', 'c1ccccc1']"
391,PS,CCC(C)c1ccccc1,383.22,30.61,0.13814,0.13814,train,"['CCCC', 'c1ccccc1']"
392,PS,CCC(C)c1ccccc1,383.22,34.38,0.14421,0.14421,train,"['CCCC', 'c1ccccc1']"
393,PS,CCC(C)c1ccccc1,383.22,38.63,0.15039,0.15039,train,"['CCCC', 'c1ccccc1']"
394,PS,CCC(C)c1ccccc1,383.22,42.81,0.16056,0.16056,train,"['CCCC', 'c1ccccc1']"
395,PS,CCC(C)c1ccccc1,402.51,5.14,0.01462,0.01462,train,"['CCCC', 'c1ccccc1']"
396,PS,CCC(C)c1ccccc1,402.51,9.39,0.04411,0.04411,train,"['CCCC', 'c1ccccc1']"
397,PS,CCC(C)c1ccccc1,402.51,21.48,0.096,0.096,train,"['CCCC', 'c1ccccc1']"
398,PS,CCC(C)c1ccccc1,402.51,44.41,0.14829,0.14829,train,"['CCCC', 'c1ccccc1']"
399,PS,CCC(C)c1ccccc1,373.15,2.068,0.01274,0.01274,train,"['CCCC', 'c1ccccc1']"
400,PS,CCC(C)c1ccccc1,373.15,4.093,0.02529,0.02529,train,"['CCCC', 'c1ccccc1']"
401,PS,CCC(C)c1ccccc1,373.15,4.629,0.02871,0.02871,train,"['CCCC', 'c1ccccc1']"
402,PS,CCC(C)c1ccccc1,373.15,6.038,0.03753,0.03753,train,"['CCCC', 'c1ccccc1']"
405,PS,CCC(C)c1ccccc1,373.15,12.105,0.07416,0.07416,train,"['CCCC', 'c1ccccc1']"
406,PS,CCC(C)c1ccccc1,373.15,20.067,0.12184,0.12184,train,"['CCCC', 'c1ccccc1']"
407,PS,CCC(C)c1ccccc1,423.15,2.159,0.00904,0.00904,train,"['CCCC', 'c1ccccc1']"
408,PS,CCC(C)c1ccccc1,423.15,2.689,0.0113,0.0113,train,"['CCCC', 'c1ccccc1']"
409,PS,CCC(C)c1ccccc1,423.15,4.732,0.01981,0.01981,train,"['CCCC', 'c1ccccc1']"
410,PS,CCC(C)c1ccccc1,423.15,6.049,0.02532,0.02532,train,"['CCCC', 'c1ccccc1']"
411,PS,CCC(C)c1ccccc1,423.15,6.53,0.02742,0.02742,train,"['CCCC', 'c1ccccc1']"
412,PS,CCC(C)c1ccccc1,423.15,8.566,0.03588,0.03588,train,"['CCCC', 'c1ccccc1']"
413,PS,CCC(C)c1ccccc1,473.15,2.167,0.00714,0.00714,train,"['CCCC', 'c1ccccc1']"
414,PS,CCC(C)c1ccccc1,473.15,4.232,0.0139,0.0139,train,"['CCCC', 'c1ccccc1']"
415,PS,CCC(C)c1ccccc1,473.15,6.108,0.02009,0.02009,train,"['CCCC', 'c1ccccc1']"
416,PS,CCC(C)c1ccccc1,473.15,6.685,0.02199,0.02199,train,"['CCCC', 'c1ccccc1']"
417,PS,CCC(C)c1ccccc1,473.15,8.027,0.02641,0.02641,train,"['CCCC', 'c1ccccc1']"
418,PS,CCC(C)c1ccccc1,473.15,12.165,0.0396,0.0396,train,"['CCCC', 'c1ccccc1']"
419,PS,CCC(C)c1ccccc1,473.15,16.04,0.05136,0.05136,train,"['CCCC', 'c1ccccc1']"
420,PS,CCC(C)c1ccccc1,473.15,20.151,0.06231,0.06231,train,"['CCCC', 'c1ccccc1']"
421,PVAc,CCC(C)OC(C)=O,313.15,0.199,0.00551,0.00552,train,"['CC=O', 'O', 'CCCC']"
422,PVAc,CCC(C)OC(C)=O,313.15,0.858,0.0282,0.02819,train,"['CC=O', 'O', 'CCCC']"
423,PVAc,CCC(C)OC(C)=O,313.15,1.271,0.04275,0.04276,train,"['CC=O', 'O', 'CCCC']"
424,PVAc,CCC(C)OC(C)=O,313.15,1.949,0.06822,0.06821,train,"['CC=O', 'O', 'CCCC']"
425,PVAc,CCC(C)OC(C)=O,313.15,2.375,0.08522,0.0852,train,"['CC=O', 'O', 'CCCC']"
426,PVAc,CCC(C)OC(C)=O,313.15,3.26,0.12354,0.12356,train,"['CC=O', 'O', 'CCCC']"
427,PVAc,CCC(C)OC(C)=O,313.15,3.589,0.13901,0.139,train,"['CC=O', 'O', 'CCCC']"
428,PVAc,CCC(C)OC(C)=O,313.15,3.979,0.15819,0.15817,train,"['CC=O', 'O', 'CCCC']"
429,PVAc,CCC(C)OC(C)=O,313.15,4.449,0.18274,0.18274,train,"['CC=O', 'O', 'CCCC']"
430,PVAc,CCC(C)OC(C)=O,313.15,4.978,0.21259,0.21261,train,"['CC=O', 'O', 'CCCC']"
432,PVAc,CCC(C)OC(C)=O,313.15,6.375,0.30568,0.3057,train,"['CC=O', 'O', 'CCCC']"
433,PVAc,CCC(C)OC(C)=O,313.15,6.876,0.34692,0.3469,train,"['CC=O', 'O', 'CCCC']"
434,PVAc,CCC(C)OC(C)=O,333.15,2.263,0.05608,0.0561,train,"['CC=O', 'O', 'CCCC']"
435,PVAc,CCC(C)OC(C)=O,333.15,4.104,0.10855,0.10856,train,"['CC=O', 'O', 'CCCC']"
436,PVAc,CCC(C)OC(C)=O,333.15,6.01,0.17137,0.17134,train,"['CC=O', 'O', 'CCCC']"
438,PVAc,CCC(C)OC(C)=O,333.15,9.694,0.33241,0.33239,train,"['CC=O', 'O', 'CCCC']"
440,PVAc,CCC(C)OC(C)=O,353.15,6.11,0.12179,0.12179,train,"['CC=O', 'O', 'CCCC']"
441,PVAc,CCC(C)OC(C)=O,353.15,8.015,0.16724,0.16726,train,"['CC=O', 'O', 'CCCC']"
442,PVAc,CCC(C)OC(C)=O,353.15,9.876,0.2143,0.21431,train,"['CC=O', 'O', 'CCCC']"
443,PVAc,CCC(C)OC(C)=O,373.15,2.157,0.03051,0.0305,train,"['CC=O', 'O', 'CCCC']"
444,PVAc,CCC(C)OC(C)=O,373.15,6.389,0.09789,0.09788,train,"['CC=O', 'O', 'CCCC']"
445,PVAc,CCC(C)OC(C)=O,373.15,13.688,0.23768,0.23766,train,"['CC=O', 'O', 'CCCC']"
447,PP,CCC(C)C,433.2,11.803,0.0948,0.09293,train,['CCC(C)C']
448,PP,CCC(C)C,433.2,14.558,0.1253,0.12493,train,['CCC(C)C']
449,PP,CCC(C)C,433.2,16.355,0.1451,0.14537,train,['CCC(C)C']
450,PP,CCC(C)C,453.2,5.419,0.0323,0.03084,train,['CCC(C)C']
451,PP,CCC(C)C,453.2,7.16,0.0441,0.04228,train,['CCC(C)C']
452,PP,CCC(C)C,453.2,8.797,0.0594,0.06081,train,['CCC(C)C']
454,PP,CCC(C)C,453.2,11.558,0.0846,0.08177,train,['CCC(C)C']
455,PP,CCC(C)C,453.2,12.352,0.0917,0.09533,train,['CCC(C)C']
456,PP,CCC(C)C,453.2,14.342,0.1119,0.11364,train,['CCC(C)C']
457,PP,CCC(C)C,453.2,16.17,0.1306,0.13144,train,['CCC(C)C']
458,PP,CCC(C)C,453.2,17.376,0.1418,0.14283,train,['CCC(C)C']
459,PP,CCC(C)C,453.2,7.083,0.0417,0.04186,train,['CCC(C)C']
460,PP,CCC(C)C,453.2,11.443,0.0798,0.08021,train,['CCC(C)C']
461,PP,CCC(C)C,453.2,14.212,0.111,0.11364,train,['CCC(C)C']
464,PP,CCC(C)C,473.2,10.113,0.0601,0.06264,train,['CCC(C)C']
469,PP,CCC(C)C,313.2,10.02,0.0542,0.05441,train,['CCC(C)C']
470,PP,CCC(C)C,333.2,5.03,0.0254,0.02657,train,['CCC(C)C']
471,PP,CCC(C)C,333.2,10.05,0.0475,0.04536,train,['CCC(C)C']
472,PP,CCC(C)C,353.2,10.03,0.043,0.04648,train,['CCC(C)C']
473,PP,CCC(C)C,373.2,5.03,0.0205,0.02033,train,['CCC(C)C']
474,PP,CCC(C)C,373.2,10.05,0.0395,0.04453,train,['CCC(C)C']
475,PP,CCC(C)C,393.2,5.07,0.0226,0.02149,train,['CCC(C)C']
476,PP,CCC(C)C,393.2,10.05,0.0438,0.0431,train,['CCC(C)C']
477,PP,CCC(C)C,443.7,4.96,0.0422,0.04279,train,['CCC(C)C']
478,PP,CCC(C)C,443.7,9.94,0.0851,0.08408,train,['CCC(C)C']
479,PP,CCC(C)C,443.7,14.94,0.1363,0.13274,train,['CCC(C)C']
481,PP,CCC(C)C,464.2,9.96,0.0807,0.08126,train,['CCC(C)C']
482,PP,CCC(C)C,464.2,14.94,0.1301,0.12812,train,['CCC(C)C']
483,PP,CCC(C)C,464.2,19.93,0.185,0.1901,train,['CCC(C)C']
484,PP,CCC(C)C,464.2,24.91,0.2552,0.25263,train,['CCC(C)C']
485,PP,CCC(C)C,483.7,4.97,0.038,0.03992,train,['CCC(C)C']
487,PP,CCC(C)C,483.7,14.93,0.1228,0.11748,train,['CCC(C)C']
488,PP,CCC(C)C,373.15,2.93,0.02618,0.02728,train,['CCC(C)C']
489,PP,CCC(C)C,373.15,3.81,0.03585,0.03553,train,['CCC(C)C']
490,PP,CCC(C)C,373.15,5.52,0.05674,0.05541,train,['CCC(C)C']
491,PP,CCC(C)C,373.15,7.44,0.0744,0.07656,train,['CCC(C)C']
492,PP,CCC(C)C,373.15,8.48,0.08489,0.0847,train,['CCC(C)C']
493,PP,CCC(C)C,373.15,9.57,0.09842,0.09787,train,['CCC(C)C']
494,PP,CCC(C)C,373.15,10.06,0.10655,0.10451,train,['CCC(C)C']
495,PP,CCC(C)C,373.15,10.73,0.11347,0.11308,train,['CCC(C)C']
496,PP,CCC(C)C,373.15,12.55,0.13699,0.13341,train,['CCC(C)C']
497,PP,CCC(C)C,398.15,4.12,0.0353,0.03357,train,['CCC(C)C']
498,PP,CCC(C)C,398.15,5.98,0.05188,0.05375,train,['CCC(C)C']
499,PP,CCC(C)C,398.15,10.07,0.09097,0.09069,train,['CCC(C)C']
500,PP,CCC(C)C,398.15,10.6,0.09443,0.09397,train,['CCC(C)C']
501,PP,CCC(C)C,398.15,12.19,0.11284,0.11336,train,['CCC(C)C']
502,PP,CCC(C)C,398.15,12.23,0.11381,0.11336,train,['CCC(C)C']
503,PP,CCC(C)C,398.15,13.41,0.12628,0.12368,train,['CCC(C)C']
504,PP,CCC(C)C,398.15,13.9,0.13306,0.1261,train,['CCC(C)C']
505,PP,CCC(C)C,423.15,4.39,0.03116,0.03203,train,['CCC(C)C']
506,PP,CCC(C)C,423.15,6.35,0.04747,0.04788,train,['CCC(C)C']
507,PP,CCC(C)C,423.15,7.46,0.05523,0.05611,train,['CCC(C)C']
508,PP,CCC(C)C,423.15,8.12,0.06208,0.06083,train,['CCC(C)C']
509,PP,CCC(C)C,423.15,8.5,0.06367,0.06293,train,['CCC(C)C']
510,PP,CCC(C)C,423.15,9.27,0.07058,0.06893,train,['CCC(C)C']
511,PP,CCC(C)C,423.15,10.75,0.0837,0.08521,train,['CCC(C)C']
512,PP,CCC(C)C,423.15,12.52,0.09894,0.10047,train,['CCC(C)C']
513,PP,CCC(C)C,423.15,13.62,0.11648,0.11939,train,['CCC(C)C']
514,PP,CCC(C)C,423.15,14.96,0.12981,0.1321,train,['CCC(C)C']
