predicted_J_Total_flux_kg_m_2h_1,PS_SELFIES,Contact_angle,Thickness_um,Solvent_solubility_parameter_Mpa_sqrt,xw_wt_percent,Temp_C,Permeate_pressure_mbar
0.5843742691073317,[C][Branch1_1][C][C][=O].[C][O][C][Branch1_1][C][C][=O].[C][O][C].[C][N][C][C][C][C][C][C][C][C][C][C][C][C][Branch1_1][C][C][=O].[C][C][C][C][C][O][C].[C][C][Branch1_1][C][C][O],89.0,100.0,23.5,70.0,30,6.7
0.5826482638489299,[C][Branch1_1][C][C][=O].[C][O][C][Branch1_1][C][C][=O].[C][O][C].[C][N][C][C][C][C][C][C][C][C][C][C][C][C][Branch1_1][C][C][=O].[C][C][C][C][C][O][C].[C][C][Branch1_1][C][C][O],89.0,100.0,23.5,80.0,30,6.7
1.1621916204324907,[C][Branch1_1][C][C][=O].[C][O][C][Branch1_1][C][C][=O].[C][O][C].[C][N][C][C][C][C][C][C][C][C][C][C][C][C][Branch1_1][C][C][=O].[C][C][C][C][C][O][C].[C][C][Branch1_1][C][C][O],89.0,100.0,23.5,90.0,60,6.7
0.07598254361385536,[F][C][Branch1_1][C][F][Branch1_1][C][F][C][Branch1_1][N][C][=C][C][=C][Branch1_1][C][C][C][=C][Ring1][Branch1_3][Branch2_1][Ring2][=N][C][=C][C][=C][Branch2_1][Ring1][P][C][=N][C][=C][C][=C][Branch1_1][P][C][=C][C][=C][N][=C][Branch1_1][C][C][O][C][Ring1][Branch1_2][=C][Ring1][Branch2_3][C][=C][Ring1][S][O][Ring2][Ring1][Ring1][C][=C][Ring2][Ring1][Branch2_2][C][Branch1_1][C][F][Branch1_1][C][F][F].[C][C][Branch1_1][C][C][O],82.0,24.24,23.5,10.0,60,1.0
0.2050431737047894,[C][C][=C][C][=C][Branch1_1][=N][C][C][=C][C][=C][Branch1_1][C][C][C][=C][Ring1][Branch1_3][C][=C][Ring1][=C].[C][C][=C][C][Branch1_1][C][C][=C][C][=C][Ring1][Branch1_3][N][C][Branch1_2][C][=O][C][=C][C][=C][Branch2_1][Ring1][O][C][Branch1_2][C][=O][C][=C][C][=C][C][Branch1_2][C][=O][N][Branch1_1][C][C][C][Branch1_2][C][=O][C][Ring1][Branch2_1][=C][Ring1][N][C][=C][Ring2][Ring1][Ring2][C][Ring2][Ring1][Branch2_1][=O].[C][C][Branch1_1][C][C][O],82.3,39.0,23.5,15.0,80,5.0
0.2067787580469523,[C][C][=C][C][=C][Branch1_1][=N][C][C][=C][C][=C][Branch1_1][C][C][C][=C][Ring1][Branch1_3][C][=C][Ring1][=C].[C][C][=C][C][Branch1_1][C][C][=C][C][=C][Ring1][Branch1_3][N][C][Branch1_2][C][=O][C][=C][C][=C][Branch2_1][Ring1][O][C][Branch1_2][C][=O][C][=C][C][=C][C][Branch1_2][C][=O][N][Branch1_1][C][C][C][Branch1_2][C][=O][C][Ring1][Branch2_1][=C][Ring1][N][C][=C][Ring2][Ring1][Ring2][C][Ring2][Ring1][Branch2_1][=O].[C][C][Branch1_1][C][C][O],82.3,28.0,23.5,15.0,80,5.0
0.13686074169459791,[C][Branch1_1][C][C][C][Branch1_1][C][C][Branch1_1][C][O].[C][C][Branch1_1][C][C][O],74.0,22.0,23.5,20.0,25,1.3
2.2405381698742386,[C][Branch1_1][C][C][C][Branch1_1][C][C][Branch1_1][C][O].[C][C][Branch1_1][C][C][O],74.0,22.0,23.5,20.0,75,1.3
0.1680188398528819,[C][Branch1_1][C][C][C][Branch1_1][C][C][Branch1_1][C][O].[C][C][Branch1_1][C][C][O],74.0,10.0,23.5,15.0,30,0.06
0.05484602344981841,[C][Branch1_1][C][C][C][Branch1_1][C][C][Branch1_1][C][O].[C][C][Branch1_1][C][C][O],74.0,22.0,23.5,8.0,50,3.0
0.047033559073128485,[C][Branch1_1][C][C][C][Branch1_1][C][C][Branch1_1][C][O].[C][C][Branch1_1][C][C][O],74.0,22.0,23.5,10.0,40,3.0
0.08666474830751182,[C][Branch1_1][C][C][C][Branch1_1][C][C][Branch1_1][C][O].[C][C][O],74.0,22.0,26.5,10.0,60,3.0
0.10595515511330043,[C][Branch1_1][C][C][C][Branch1_1][C][C][Branch1_1][C][O].[C][C][Branch1_1][C][C][O],74.0,22.0,23.5,17.0,50,3.0
0.10458432701020336,[C][Branch1_1][C][C][C][Branch1_1][C][C][Branch1_1][C][O].[C][C][Branch1_1][C][C][O],74.0,22.0,23.5,15.0,60,3.0
0.09120191366723264,[C][Branch1_1][C][C][C][Branch1_1][C][C][Branch1_1][C][O].[C][C][Branch1_1][C][C][O],74.0,22.0,23.5,10.0,60,3.0
0.11276307453699753,[O][=C][Branch1_1][C][O][C][O][C][Branch1_1][C][C][C][Branch1_1][C][O][C][Branch1_1][C][O][C][Ring1][Branch2_2][O][Branch1_1][C][C].[O][=C][Branch1_1][C][O][C][O][C][Branch1_1][C][C][C][Branch1_1][C][O][C][Branch1_1][C][O][C][Ring1][Branch2_2][O][Branch1_1][C][C].[C][C][Branch1_2][C][=O][O],37.37,30.0,21.4,10.0,30,13.3
0.10072680530210382,[O][=C][Branch1_1][C][O][C][O][C][Branch1_1][C][C][C][Branch1_1][C][O][C][Branch1_1][C][O][C][Ring1][Branch2_2][O][Branch1_1][C][C].[O][=C][Branch1_1][C][O][C][O][C][Branch1_1][C][C][C][Branch1_1][C][O][C][Branch1_1][C][O][C][Ring1][Branch2_2][O][Branch1_1][C][C].[C][C][O],37.37,10.0,26.5,10.0,30,13.3
0.16937524850369567,[O][=C][Branch1_1][C][O][C][O][C][Branch1_1][C][C][C][Branch1_1][C][O][C][Branch1_1][C][O][C][Ring1][Branch2_2][O][Branch1_1][C][C].[O][=C][Branch1_1][C][O][C][O][C][Branch1_1][C][C][C][Branch1_1][C][O][C][Branch1_1][C][O][C][Ring1][Branch2_2][O][Branch1_1][C][C].[C][C][Branch1_1][C][C][O],37.37,10.0,23.5,10.0,30,13.3
0.19057939348414044,[O][=C][Branch1_1][C][O][C][O][C][Branch1_1][C][C][C][Branch1_1][C][O][C][Branch1_1][C][O][C][Ring1][Branch2_2][O][Branch1_1][C][C].[O][=C][Branch1_1][C][O][C][O][C][Branch1_1][C][C][C][Branch1_1][C][O][C][Branch1_1][C][O][C][Ring1][Branch2_2][O][Branch1_1][C][C].[C][C][O],37.37,10.0,26.5,4.0,70,13.3
0.07564489405324722,[O][=C][Branch1_1][C][O][C][O][C][Branch1_1][C][C][C][Branch1_1][C][O][C][Branch1_1][C][O][C][Ring1][Branch2_2][O][Branch1_1][C][C].[O][=C][Branch1_1][C][O][C][O][C][Branch1_1][C][C][C][Branch1_1][C][O][C][Branch1_1][C][O][C][Ring1][Branch2_2][O][Branch1_1][C][C].[C][C][Branch1_1][C][C][O],37.37,50.0,23.5,10.0,30,13.3
0.10781444325632836,[O][=C][Branch1_1][C][O][C][O][C][Branch1_1][C][C][C][Branch1_1][C][O][C][Branch1_1][C][O][C][Ring1][Branch2_2][O][Branch1_1][C][C].[O][=C][Branch1_1][C][O][C][O][C][Branch1_1][C][C][C][Branch1_1][C][O][C][Branch1_1][C][O][C][Ring1][Branch2_2][O][Branch1_1][C][C].[C][C][Branch1_1][C][C][O],37.37,50.0,23.5,12.6,40,13.3
0.22872594574559726,[O][=C][Branch1_1][C][O][C][O][C][Branch1_1][C][C][C][Branch1_1][C][O][C][Branch1_1][C][O][C][Ring1][Branch2_2][O][Branch1_1][C][C].[O][=C][Branch1_1][C][O][C][O][C][Branch1_1][C][C][C][Branch1_1][C][O][C][Branch1_1][C][O][C][Ring1][Branch2_2][O][Branch1_1][C][C].[C][C][Branch1_1][C][C][O],37.37,50.0,23.5,50.0,30,13.3
0.11994877152053089,[O][=C][Branch1_1][C][O][C][O][C][Branch1_1][C][C][C][Branch1_1][C][O][C][Branch1_1][C][O][C][Ring1][Branch2_2][O][Branch1_1][C][C].[O][=C][Branch1_1][C][O][C][O][C][Branch1_1][C][C][C][Branch1_1][C][O][C][Branch1_1][C][O][C][Ring1][Branch2_2][O][Branch1_1][C][C].[C][C][Branch1_1][C][C][O],37.37,50.0,23.5,20.0,30,13.3
0.16405543837805464,[O][=C][Branch1_1][C][O][C][O][C][Branch1_1][C][C][C][Branch1_1][C][O][C][Branch1_1][C][O][C][Ring1][Branch2_2][O][Branch1_1][C][C].[O][=C][Branch1_1][C][O][C][O][C][Branch1_1][C][C][C][Branch1_1][C][O][C][Branch1_1][C][O][C][Ring1][Branch2_2][O][Branch1_1][C][C].[C][C][Branch1_1][C][C][O],37.37,50.0,23.5,30.0,30,13.3
0.1947779550475269,[O][=C][Branch1_1][C][O][C][O][C][Branch1_1][C][C][C][Branch1_1][C][O][C][Branch1_1][C][O][C][Ring1][Branch2_2][O][Branch1_1][C][C].[O][=C][Branch1_1][C][O][C][O][C][Branch1_1][C][C][C][Branch1_1][C][O][C][Branch1_1][C][O][C][Ring1][Branch2_2][O][Branch1_1][C][C].[C][C][Branch1_1][C][C][O],37.37,50.0,23.5,40.0,30,13.3
0.13200365589851878,[O][=C][Branch1_1][C][O][C][O][C][Branch1_1][C][C][C][Branch1_1][C][O][C][Branch1_1][C][O][C][Ring1][Branch2_2][O][Branch1_1][C][C].[O][=C][Branch1_1][C][O][C][O][C][Branch1_1][C][C][C][Branch1_1][C][O][C][Branch1_1][C][O][C][Ring1][Branch2_2][O][Branch1_1][C][C].[C][C][O],37.37,50.0,26.5,10.0,50,0.06
0.06015251725419581,[N][C][C][Branch1_1][C][O][C][Branch2_1][Ring1][Branch2_1][O][C][O][C][Branch1_1][Ring1][C][O][C][Branch1_1][Branch1_1][O][Branch1_1][C][C][C][Branch1_1][C][O][C][Ring1][O][N][C][Branch1_1][Ring1][C][O][O][C][Ring2][Ring1][Branch1_2][Branch1_1][C][C].[C][C][Branch1_1][C][C][O],55.1,40.0,23.5,10.0,30,13.3
0.0967409560665116,[N][C][C][Branch1_1][C][O][C][Branch2_1][Ring1][Branch2_1][O][C][O][C][Branch1_1][Ring1][C][O][C][Branch1_1][Branch1_1][O][Branch1_1][C][C][C][Branch1_1][C][O][C][Ring1][O][N][C][Branch1_1][Ring1][C][O][O][C][Ring2][Ring1][Branch1_2][Branch1_1][C][C].[C][C][Branch1_1][C][C][O],55.1,40.0,23.5,10.0,40,13.3
0.08312840339217172,[N][C][C][Branch1_1][C][O][C][Branch2_1][Ring1][Branch2_1][O][C][O][C][Branch1_1][Ring1][C][O][C][Branch1_1][Branch1_1][O][Branch1_1][C][C][C][Branch1_1][C][O][C][Ring1][O][N][C][Branch1_1][Ring1][C][O][O][C][Ring2][Ring1][Branch1_2][Branch1_1][C][C].[C][C][Branch1_1][C][C][O],55.1,40.0,23.5,15.0,30,13.3
0.06015251725419581,[N][C][C][Branch1_1][C][O][C][Branch2_1][Ring1][Branch2_1][O][C][O][C][Branch1_1][Ring1][C][O][C][Branch1_1][Branch1_1][O][Branch1_1][C][C][C][Branch1_1][C][O][C][Ring1][O][N][C][Branch1_1][Ring1][C][O][O][C][Ring2][Ring1][Branch1_2][Branch1_1][C][C].[C][C][Branch1_1][C][C][O],55.1,40.0,23.5,10.0,30,13.3
0.11301365494406584,[C][/C][Branch1_1][C][C][=C][Branch1_1][C][C][/Siexpl][Branch1_1][C][C][Branch1_1][C][C][C].[C][C][C][C][O],100.0,22.0,23.1,99.7,25,2.7
1.1462499305213736,[C][/C][Branch1_1][C][C][=C][Branch1_1][C][C][/Siexpl][Branch1_1][C][C][Branch1_1][C][C][C].[C][C][C][C][O],100.0,22.0,23.1,94.0,70,2.7
0.06196827864830562,[O][=C][Branch2_1][Ring1][Branch2_1][N][C][=C][C][=C][Branch1_1][=N][O][C][=C][C][=C][Branch1_1][C][C][C][=C][Ring1][Branch1_3][C][=C][Ring1][=C][C][=C][C][=C][C][Branch1_2][C][=O][N][Branch1_1][C][C][C][Branch1_2][C][=O][C][Ring1][Branch2_1][=C][Ring1][N].[O][=C][Branch1_1][=N][N][C][=C][C][=C][C][Branch1_1][C][C][=C][Ring1][Branch1_3][C][=C][C][=C][C][Branch1_2][C][=O][N][Branch1_1][C][C][C][Branch1_2][C][=O][C][Ring1][Branch2_1][=C][Ring1][N].[C][C][Branch1_1][C][C][O],87.5,50.0,23.5,15.0,60,1.0
0.09236366356048756,[C][C][=C][C][=C][Branch1_1][=N][C][C][=C][C][=C][Branch1_1][C][C][C][=C][Ring1][Branch1_3][C][=C][Ring1][=C].[C][C][=C][C][Branch1_1][C][C][=C][C][=C][Ring1][Branch1_3][N][C][Branch1_2][C][=O][C][=C][C][=C][Branch2_1][Ring1][O][C][Branch1_2][C][=O][C][=C][C][=C][C][Branch1_2][C][=O][N][Branch1_1][C][C][C][Branch1_2][C][=O][C][Ring1][Branch2_1][=C][Ring1][N][C][=C][Ring2][Ring1][Ring2][C][Ring2][Ring1][Branch2_1][=O].[C][C][C][C][O],82.3,50.0,23.1,15.0,60,1.0
0.05482871157065009,[C][C][=C][C][=C][Branch1_1][=N][C][C][=C][C][=C][Branch1_1][C][C][C][=C][Ring1][Branch1_3][C][=C][Ring1][=C].[C][C][=C][C][Branch1_1][C][C][=C][C][=C][Ring1][Branch1_3][N][C][Branch1_2][C][=O][C][=C][C][=C][Branch2_1][Ring1][O][C][Branch1_2][C][=O][C][=C][C][=C][C][Branch1_2][C][=O][N][Branch1_1][C][C][C][Branch1_2][C][=O][C][Ring1][Branch2_1][=C][Ring1][N][C][=C][Ring2][Ring1][Ring2][C][Ring2][Ring1][Branch2_1][=O].[C][C][O],82.3,50.0,26.5,15.0,60,1.0
0.23445033656695455,[C][Branch1_1][C][C][=O].[C][O][C][Branch1_1][C][C][=O].[C][O][C].[C][N][C][C][C][C][C][C][C][C][C][C][C][C][Branch1_1][C][C][=O].[C][C][C][C][C][O][C].[C][C][C][C][O],89.0,30.0,23.1,99.98988622,50,1.0
0.45782886607286194,[C][Branch1_1][C][C][=O].[C][O][C][Branch1_1][C][C][=O].[C][O][C].[C][N][C][C][C][C][C][C][C][C][C][C][C][C][Branch1_1][C][C][=O].[C][C][C][C][C][O][C].[C][C][C][C][O],89.0,30.0,23.1,99.59924147,60,1.0
0.3084542689188339,[C][Branch1_1][C][C][=O].[C][O][C][Branch1_1][C][C][=O].[C][O][C].[C][N][C][C][C][C][C][C][C][C][C][C][C][C][Branch1_1][C][C][=O].[C][C][C][C][C][O][C].[C][C][C][C][O],89.0,30.0,23.1,99.77496839,50,1.0
0.33980825725485053,[C][Branch1_1][C][C][=O].[C][O][C][Branch1_1][C][C][=O].[C][O][C].[C][N][C][C][C][C][C][C][C][C][C][C][C][C][Branch1_1][C][C][=O].[C][C][C][C][C][O][C].[C][C][C][C][O],89.0,30.0,23.1,99.6182048,50,1.0
0.1826014909250576,[C][Branch1_1][C][C][=O].[C][O][C][Branch1_1][C][C][=O].[C][O][C].[C][N][C][C][C][C][C][C][C][C][C][C][C][C][Branch1_1][C][C][=O].[C][C][C][C][C][O][C].[C][C][C][C][O],89.0,30.0,23.1,99.98230088,40,1.0
0.18706958284076627,[C][Branch1_1][C][C][=O].[C][O][C][Branch1_1][C][C][=O].[C][O][C].[C][N][C][C][C][C][C][C][C][C][C][C][C][C][Branch1_1][C][C][=O].[C][C][C][C][C][O][C].[C][C][C][C][O],89.0,30.0,23.1,99.94690265,40,1.0
0.13983322241128227,[C][Branch1_1][C][C][=O].[C][O][C][Branch1_1][C][C][=O].[C][O][C].[C][N][C][C][C][C][C][C][C][C][C][C][C][C][Branch1_1][C][C][=O].[C][C][C][C][C][O][C].[C][C][C][C][O],89.0,30.0,23.1,99.85208597,29,1.0
0.14017803718099656,[C][Branch1_1][C][C][=O].[C][O][C][Branch1_1][C][C][=O].[C][O][C].[C][N][C][C][C][C][C][C][C][C][C][C][C][C][Branch1_1][C][C][=O].[C][C][C][C][C][O][C].[C][C][C][C][O],89.0,30.0,23.1,99.8091024,29,1.0
2.7953574704199555,[C][Branch1_1][C][C][=O].[C][O][C][Branch1_1][C][C][=O].[C][O][C].[C][N][C][C][C][C][C][C][C][C][C][C][C][C][Branch1_1][C][C][=O].[C][C][C][C][C][O][C].[C][C][C][C][O],89.0,3.5,23.1,98.0,40,3.0
0.6455544639041503,[Siexpl][Branch1_1][C][C][Branch1_1][C][C][Branch1_1][C][C][O][Branch1_1][C][C].[C][C][C][C][O],108.08219,20.0,23.1,99.0,40,2.1
1.1292818711440067,[Siexpl][Branch1_1][C][C][Branch1_1][C][C][Branch1_1][C][C][O][Branch1_1][C][C].[C][C][C][C][O],108.08219,10.0,23.1,99.0,40,2.1
1.2932950937765235,[Siexpl][Branch1_1][C][C][Branch1_1][C][C][Branch1_1][C][C][O][Branch1_1][C][C].[C][C][C][C][O],108.08219,10.0,23.1,96.0,40,2.1
2.233245994233118,[Siexpl][Branch1_1][C][C][Branch1_1][C][C][Branch1_1][C][C][O][Branch1_1][C][C].[C][C][C][C][O],108.08219,10.0,23.1,99.0,80,2.1
0.8425238163801869,[Siexpl][Branch1_1][C][C][Branch1_1][C][C][Branch1_1][C][C][O][Branch1_1][C][C].[C][C][C][C][O],108.08219,4.405094191,23.1,99.0,40,4.0
1.7591052043830497,[Siexpl][Branch1_1][C][C][Branch1_1][C][C][Branch1_1][C][C][O][Branch1_1][C][C].[C][C][C][C][O],108.08219,4.405094191,23.1,99.0,50,4.0
2.031180080831653,[Siexpl][Branch1_1][C][C][Branch1_1][C][C][Branch1_1][C][C][O][Branch1_1][C][C].[C][C][C][C][O],108.08219,4.405094191,23.1,99.0,60,4.0
0.9575663098527133,[Siexpl][Branch1_1][C][C][Branch1_1][C][C][Branch1_1][C][C][O][Branch1_1][C][C].[C][C][O],109.0,10.0,26.5,95.0,40,3.0
1.2333707781957874,[Siexpl][Branch1_1][C][C][Branch1_1][C][C][Branch1_1][C][C][O][Branch1_1][C][C].[C][C][C][C][O],109.0,10.0,23.1,95.0,40,3.0
0.9269219538014895,[Siexpl][Branch1_1][C][C][Branch1_1][C][C][Branch1_1][C][C][O][Branch1_1][C][C].[C][C][Branch1_1][C][C][O],108.08219,25.0,23.5,96.0,60,1.0
1.4174526251285733,[C][Siexpl][Branch1_1][C][C][Branch1_1][Branch1_1][O][Branch1_1][C][C][C][=C][C][=C][C][=C][Ring1][Branch1_2].[C][O],121.2,1.5,29.6,95.0,40,10.0
1.6272971815294692,[C][Siexpl][Branch1_1][C][C][Branch1_1][Branch1_1][O][Branch1_1][C][C][C][=C][C][=C][C][=C][Ring1][Branch1_2].[C][O],121.2,1.5,29.6,95.0,45,10.0
0.8844172522976466,[Siexpl][Branch1_1][C][C][Branch1_1][C][C][Branch1_1][C][C][O][Branch1_1][C][C].[C][O],108.08219,8.0,29.6,99.0,40,9.0
1.1389509307912107,[Siexpl][Branch1_1][C][C][Branch1_1][C][C][Branch1_1][C][C][O][Branch1_1][C][C].[C][O],108.08219,8.0,29.6,97.0,40,9.0
1.2666735654137522,[Siexpl][Branch1_1][C][C][Branch1_1][C][C][Branch1_1][C][C][O][Branch1_1][C][C].[C][O],108.08219,8.0,29.6,99.0,45,9.0
1.530106594459231,[Siexpl][Branch1_1][C][C][Branch1_1][C][C][Branch1_1][C][C][O][Branch1_1][C][C].[C][O],108.08219,8.0,29.6,99.7,50,9.0
1.7549412190109062,[Siexpl][Branch1_1][C][C][Branch1_1][C][C][Branch1_1][C][C][O][Branch1_1][C][C].[C][O],108.08219,8.0,29.6,99.0,50,9.0
0.6860856163445115,[Siexpl][Branch1_1][C][C][Branch1_1][C][C][Branch1_1][C][C][O][Branch1_1][C][C].[C][C][O],108.08219,8.0,26.5,99.7,30,9.0
0.3044964443400929,[N][C][C][Branch1_1][C][O][C][Branch2_1][Ring1][Branch2_1][O][C][O][C][Branch1_1][Ring1][C][O][C][Branch1_1][Branch1_1][O][Branch1_1][C][C][C][Branch1_1][C][O][C][Ring1][O][N][C][Branch1_1][Ring1][C][O][O][C][Ring2][Ring1][Branch1_2][Branch1_1][C][C].[C][O],55.1,26.2,29.6,1.9,25,2.5
0.2961149939889565,[N][C][C][Branch1_1][C][O][C][Branch2_1][Ring1][Branch2_1][O][C][O][C][Branch1_1][Ring1][C][O][C][Branch1_1][Branch1_1][O][Branch1_1][C][C][C][Branch1_1][C][O][C][Ring1][O][N][C][Branch1_1][Ring1][C][O][O][C][Ring2][Ring1][Branch1_2][Branch1_1][C][C].[C][O],55.1,26.2,29.6,5.0,25,2.5
0.44557787681578975,[N][C][C][Branch1_1][C][O][C][Branch2_1][Ring1][Branch2_1][O][C][O][C][Branch1_1][Ring1][C][O][C][Branch1_1][Branch1_1][O][Branch1_1][C][C][C][Branch1_1][C][O][C][Ring1][O][N][C][Branch1_1][Ring1][C][O][O][C][Ring2][Ring1][Branch1_2][Branch1_1][C][C].[C][O],55.1,26.2,29.6,5.0,55,2.5
0.866232570209491,[N][C][C][Branch1_1][C][O][C][Branch2_1][Ring1][Branch2_1][O][C][O][C][Branch1_1][Ring1][C][O][C][Branch1_1][Branch1_1][O][Branch1_1][C][C][C][Branch1_1][C][O][C][Ring1][O][N][C][Branch1_1][Ring1][C][O][O][C][Ring2][Ring1][Branch1_2][Branch1_1][C][C].[C][O],55.1,28.4,29.6,29.96,45,2.5
0.7923199949414081,[O][=C][Branch1_1][C][O][C][O][C][Branch1_1][C][C][C][Branch1_1][C][O][C][Branch1_1][C][O][C][Ring1][Branch2_2][O][Branch1_1][C][C].[O][=C][Branch1_1][C][O][C][O][C][Branch1_1][C][C][C][Branch1_1][C][O][C][Branch1_1][C][O][C][Ring1][Branch2_2][O][Branch1_1][C][C].[C][O],36.0,0.19,29.6,10.0,77,3.0
1.0086227437356132,[C][Branch1_1][C][C][C][Branch1_1][C][C][Branch1_1][C][O].[O][C][C][O],74.0,10.0,32.9,10.0,60,6.7
1.1438387847814475,[C][Branch1_1][C][C][C][Branch1_1][C][C][Branch1_1][C][O].[O][C][C][O],74.0,10.0,32.9,10.0,70,6.7
1.6133901855211092,[C][Branch1_1][C][C][C][Branch1_1][C][C][Branch1_1][C][O].[O][C][C][O],74.0,10.0,32.9,20.0,70,6.7
3.7834768333456554,[C][Branch1_1][C][C][C][Branch1_1][C][C][Branch1_1][C][O].[O][C][C][O],74.0,10.0,32.9,30.0,70,6.7
4.082084472967128,[C][Branch1_1][C][C][C][Branch1_1][C][C][Branch1_1][C][O].[O][C][C][O],74.0,10.0,32.9,30.0,80,6.7
4.671969449150635,[C][Branch1_1][C][C][C][Branch1_1][C][C][Branch1_1][C][O].[O][C][C][O],74.0,10.0,32.9,40.0,75,6.7
4.647432133533509,[C][Branch1_1][C][C][C][Branch1_1][C][C][Branch1_1][C][O].[O][C][C][O],74.0,10.0,32.9,40.0,80,6.7
0.5658813482723466,[C][Branch1_1][C][C][C][Branch1_1][C][C][Branch1_1][C][O].[O][C][C][O],74.0,100.0,32.9,20.0,70,6.7
0.08431584841470896,[C][C][=C][C][Branch1_1][C][C][=C][C][Branch1_1][C][C][=C][Ring1][Branch2_1][O][Branch1_1][C][C].[O][C][C][O],89.0,40.0,32.9,10.0,50,0.01
0.11547691310456945,[C][C][Branch1_1][C][C][C][C][Branch2_1][Ring2][#C][C][C][Branch1_1][C][C][Branch1_1][C][C][C][=C][C][O][C][=C][Branch1_1][Ring1][C][#N][C][Branch1_1][C][C][=C][Branch1_1][C][C][C][Branch1_1][Ring1][C][#N][=C][Ring1][N][O][C][Expl=Ring1][S][C][=C][Ring2][Ring1][Ring2][Ring2][Ring1][Branch2_2][C][=C][C][Branch1_1][Branch1_1][O][Branch1_1][C][C][=C][Branch1_1][Branch1_1][O][Branch1_1][C][C][C][=C][Ring1][Branch2_3][Ring2][Ring2][Branch1_2].[O][C][C][O],87.8,30.0,32.9,18.5,20,10.0
0.3778879177006881,[N][C][C][Branch1_1][C][O][C][Branch2_1][Ring1][Branch2_1][O][C][O][C][Branch1_1][Ring1][C][O][C][Branch1_1][Branch1_1][O][Branch1_1][C][C][C][Branch1_1][C][O][C][Ring1][O][N][C][Branch1_1][Ring1][C][O][O][C][Ring2][Ring1][Branch1_2][Branch1_1][C][C].[O][C][C][O],55.1,50.0,32.9,3.56,30,0.13
0.37352048661438864,[N][C][C][Branch1_1][C][O][C][Branch2_1][Ring1][Branch2_1][O][C][O][C][Branch1_1][Ring1][C][O][C][Branch1_1][Branch1_1][O][Branch1_1][C][C][C][Branch1_1][C][O][C][Ring1][O][N][C][Branch1_1][Ring1][C][O][O][C][Ring2][Ring1][Branch1_2][Branch1_1][C][C].[O][C][C][O],55.1,50.0,32.9,7.03,30,0.13
0.6636535930828025,[N][C][C][Branch1_1][C][O][C][Branch2_1][Ring1][Branch2_1][O][C][O][C][Branch1_1][Ring1][C][O][C][Branch1_1][Branch1_1][O][Branch1_1][C][C][C][Branch1_1][C][O][C][Ring1][O][N][C][Branch1_1][Ring1][C][O][O][C][Ring2][Ring1][Branch1_2][Branch1_1][C][C].[O][C][C][O],55.1,30.0,32.9,50.0,25,3.0
0.7061170791130048,[N][C][C][Branch1_1][C][O][C][Branch2_1][Ring1][Branch2_1][O][C][O][C][Branch1_1][Ring1][C][O][C][Branch1_1][Branch1_1][O][Branch1_1][C][C][C][Branch1_1][C][O][C][Ring1][O][N][C][Branch1_1][Ring1][C][O][O][C][Ring2][Ring1][Branch1_2][Branch1_1][C][C].[O][C][C][O],55.1,30.0,32.9,70.0,25,3.0
0.22885180723176674,[O][=C][Branch1_1][C][O][C][O][C][Branch1_1][C][C][C][Branch1_1][C][O][C][Branch1_1][C][O][C][Ring1][Branch2_2][O][Branch1_1][C][C].[O][=C][Branch1_1][C][O][C][O][C][Branch1_1][C][C][C][Branch1_1][C][O][C][Branch1_1][C][O][C][Ring1][Branch2_2][O][Branch1_1][C][C].[C][C][Branch1_2][C][=O][O],37.37,5.0,21.4,10.0,30,1.5
0.09297009667459635,[O][=C][Branch1_1][C][O][C][O][C][Branch1_1][C][C][C][Branch1_1][C][O][C][Branch1_1][C][O][C][Ring1][Branch2_2][O][Branch1_1][C][C].[O][=C][Branch1_1][C][O][C][O][C][Branch1_1][C][C][C][Branch1_1][C][O][C][Branch1_1][C][O][C][Ring1][Branch2_2][O][Branch1_1][C][C].[C][C][Branch1_2][C][=O][O],37.37,40.0,21.4,10.0,30,13.3
0.17062593751158045,[O][=C][Branch1_1][C][O][C][O][C][Branch1_1][C][C][C][Branch1_1][C][O][C][Branch1_1][C][O][C][Ring1][Branch2_2][O][Branch1_1][C][C].[O][=C][Branch1_1][C][O][C][O][C][Branch1_1][C][C][C][Branch1_1][C][O][C][Branch1_1][C][O][C][Ring1][Branch2_2][O][Branch1_1][C][C].[C][C][Branch1_2][C][=O][O],37.37,40.0,21.4,30.0,30,13.3
0.2742947651499019,[O][=C][Branch1_1][C][O][C][O][C][Branch1_1][C][C][C][Branch1_1][C][O][C][Branch1_1][C][O][C][Ring1][Branch2_2][O][Branch1_1][C][C].[O][=C][Branch1_1][C][O][C][O][C][Branch1_1][C][C][C][Branch1_1][C][O][C][Branch1_1][C][O][C][Ring1][Branch2_2][O][Branch1_1][C][C].[C][C][Branch1_2][C][=O][O],37.37,45.0,21.4,10.0,50,2.66
0.2650389366739375,[O][=C][Branch1_1][C][O][C][O][C][Branch1_1][C][C][C][Branch1_1][C][O][C][Branch1_1][C][O][C][Ring1][Branch2_2][O][Branch1_1][C][C].[O][=C][Branch1_1][C][O][C][O][C][Branch1_1][C][C][C][Branch1_1][C][O][C][Branch1_1][C][O][C][Ring1][Branch2_2][O][Branch1_1][C][C].[C][C][Branch1_2][C][=O][O],37.37,45.0,21.4,10.0,60,2.66
0.16956043441262886,[O][=C][Branch1_1][C][O][C][O][C][Branch1_1][C][C][C][Branch1_1][C][O][C][Branch1_1][C][O][C][Ring1][Branch2_2][O][Branch1_1][C][C].[O][=C][Branch1_1][C][O][C][O][C][Branch1_1][C][C][C][Branch1_1][C][O][C][Branch1_1][C][O][C][Ring1][Branch2_2][O][Branch1_1][C][C].[C][C][Branch1_2][C][=O][O],37.37,50.0,21.4,30.0,30,13.3
0.39259214015758703,[O][=S][Branch1_2][C][=O][Branch1_1][N][C][=C][C][=C][Branch1_1][C][C][C][=C][Ring1][Branch1_3][C][=C][C][=C][Branch2_1][Ring1][Branch2_3][O][C][=C][C][=C][Branch1_1][#C][C][=C][C][=C][Branch1_1][Branch1_1][O][Branch1_1][C][C][C][=C][Ring1][Branch2_1][C][=C][Ring1][=C][C][=C][Ring2][Ring1][Branch1_1].[C][C][Branch1_2][C][=O][O],92.2,0.308,21.4,5.0,50,2.5
0.0751358564659965,[Siexpl][Branch1_1][C][C][Branch1_1][C][C][Branch1_1][C][C][O][Branch1_1][C][C].[C][C][Branch1_2][C][=O][O],108.08219,95.0,21.4,70.72,25,0.17
0.07945127403256164,[Siexpl][Branch1_1][C][C][Branch1_1][C][C][Branch1_1][C][C][O][Branch1_1][C][C].[C][C][Branch1_2][C][=O][O],108.08219,95.0,21.4,59.91,25,0.17
0.8581260150362662,[Siexpl][Branch1_1][C][C][Branch1_1][C][C][Branch1_1][C][C][O][Branch1_1][C][C].[C][C][Branch1_2][C][=O][O],108.08219,95.0,21.4,90.0,55,0.17
0.09768944016682327,[O][=S][Branch1_2][C][=O][Branch1_1][N][C][=C][C][=C][Branch1_1][C][C][C][=C][Ring1][Branch1_3][C][=C][C][=C][Branch2_1][Ring1][Branch2_3][O][C][=C][C][=C][Branch1_1][#C][C][=C][C][=C][Branch1_1][Branch1_1][O][Branch1_1][C][C][C][=C][Ring1][Branch2_1][C][=C][Ring1][=C][C][=C][Ring2][Ring1][Branch1_1].[C][C][C][C][O],92.2,16.0,23.1,15.0,60,1.0
0.6729296577002934,[O][=C][Branch1_1][C][O][C][O][C][Branch1_1][C][C][C][Branch1_1][C][O][C][Branch1_1][C][O][C][Ring1][Branch2_2][O][Branch1_1][C][C].[O][=C][Branch1_1][C][O][C][O][C][Branch1_1][C][C][C][Branch1_1][C][O][C][Branch1_1][C][O][C][Ring1][Branch2_2][O][Branch1_1][C][C].[C][C][O],37.37,45.0,26.5,20.0,50,3.0
0.09559139907777942,[C][C][C][Branch1_1][Ring1][C][#N][Branch1_1][C][C].[C][C][O],95.0,40.0,26.5,25.0,50,5.0
0.7874233200182958,[C][Branch1_1][C][C][C][Branch1_1][C][C][Branch1_1][C][O].[C][C][O],74.0,22.0,26.5,30.0,25,3.0
1.0982035619020005,[C][Branch1_1][C][C][C][Branch1_1][C][C][Branch1_1][C][O].[C][C][O],76.8,22.0,26.5,60.0,40,3.0
1.1454648665271625,[C][Branch1_1][C][C][C][Branch1_1][C][C][Branch1_1][C][O].[C][C][O],76.2,22.0,26.5,60.0,40,3.0
1.6848037380772491,[C][Branch1_1][C][C][C][Branch1_1][C][C][Branch1_1][C][O].[C][C][O],76.2,22.0,26.5,70.0,40,3.0
1.5712133499513026,[C][Branch1_1][C][C][C][Branch1_1][C][C][Branch1_1][C][O].[C][C][O],74.0,22.0,26.5,60.0,50,3.0
1.7376330577515298,[C][Branch1_1][C][C][C][Branch1_1][C][C][Branch1_1][C][O].[C][C][O],80.1,22.0,26.5,80.0,40,3.0
1.9698212426897412,[C][Branch1_1][C][C][C][Branch1_1][C][C][Branch1_1][C][O].[C][C][O],76.8,22.0,26.5,90.0,40,3.0
2.22398001301339,[C][Branch1_1][C][C][C][Branch1_1][C][C][Branch1_1][C][O].[C][C][O],74.0,22.0,26.5,80.0,40,3.0
0.43795131810934684,[Siexpl][Branch1_1][C][C][Branch1_1][C][C][Branch1_1][C][C][O][Branch1_1][C][C].[C][C][O],108.08219,200.0,26.5,90.0,25,2.0
1.2077307202035075,[C][/C][Branch1_1][C][C][=C][Branch1_1][C][C][/Siexpl][Branch1_1][C][C][Branch1_1][C][C][C].[C][C][O],100.0,79.72,26.5,95.0,50,0.04
1.2219955351861853,[C][/C][Branch1_1][C][C][=C][Branch1_1][C][C][/Siexpl][Branch1_1][C][C][Branch1_1][C][C][C].[C][C][O],100.0,44.34,26.5,95.0,50,0.04
2.750071253316782,[Siexpl][Branch1_1][C][C][Branch1_1][C][C][Branch1_1][C][C][O][Branch1_1][C][C].[C][C][O],108.08219,4.0,26.5,95.0,50,0.04
0.0997379031766026,[C][Branch1_1][C][C][C][Branch1_1][C][C][Branch1_1][C][O].[C][C][O],69.6,40.0,26.5,10.0,40,3.5
0.6693676284111816,[C][Branch1_1][C][C][C][Branch1_1][C][C][Branch1_1][C][O].[C][C][O],59.0,45.0,26.5,30.0,22,0.3
0.8002089369492229,[C][Branch1_1][C][C][C][Branch1_1][C][C][Branch1_1][C][O].[C][C][O],59.0,45.0,26.5,50.0,22,0.3
0.6709605309829115,[C][Branch1_1][C][C][C][Branch1_1][C][C][Branch1_1][C][O].[C][C][O],70.0,45.0,26.5,30.0,22,0.3
0.7328247739433346,[Siexpl][Branch1_1][C][C][Branch1_1][C][C][Branch1_1][C][C][O][Branch1_1][C][C].[C][C][O],108.08219,9.5,26.5,94.0,30,3.0
2.3741426693154475,[Siexpl][Branch1_1][C][C][Branch1_1][C][C][Branch1_1][C][C][O][Branch1_1][C][C].[C][C][O],108.08219,9.5,26.5,94.0,50,3.0
2.5175478116813683,[Siexpl][Branch1_1][C][C][Branch1_1][C][C][Branch1_1][C][C][O][Branch1_1][C][C].[C][C][O],108.08219,9.5,26.5,94.0,60,3.0
